WBPaper ID,WBGenes,Mutations,Transcript
WBPaper00000779,WBGene00006742,G118R,T02C5.5p
WBPaper00000779,WBGene00006742,M856K,T02C5.5f
WBPaper00000779,WBGene00006742,M856K,T02C5.5g
WBPaper00000779,WBGene00006742,M856K,T02C5.5h
WBPaper00000779,WBGene00006742,M856K,T02C5.5i
WBPaper00000779,WBGene00006789,R273C,F11C3.3
WBPaper00001234,WBGene00003090,R107C,Y22F5A.4
WBPaper00001234,WBGene00006745,P685L,B0273.4a
WBPaper00001234,WBGene00006745,Q631X,B0273.4a
WBPaper00001234,WBGene00010259,R107C,F58E10.1c
WBPaper00001366,WBGene00006749,N234X,R12H7.1a
WBPaper00001366,WBGene00006749,S136G,R12H7.1a
WBPaper00001366,WBGene00006759,S136G,ZK617.1a
WBPaper00001366,WBGene00006759,S136G,ZK617.1b
WBPaper00001366,WBGene00006759,S136G,ZK617.1f
WBPaper00001366,WBGene00006759,S136G,ZK617.1g
WBPaper00001366,WBGene00006759,S136G,ZK617.1h
WBPaper00001366,WBGene00006759,S136G,ZK617.1i
WBPaper00001366,WBGene00023497,K132E,ZK662.4
WBPaper00001677,WBGene00001063,A1034T,M01E10.2b
WBPaper00001677,WBGene00001609,A1034T,F02A9.6
WBPaper00001677,WBGene00001609,C126S,F02A9.6
WBPaper00001677,WBGene00001609,C560Y,F02A9.6
WBPaper00001677,WBGene00001609,G1043E,F02A9.6
WBPaper00001677,WBGene00001609,G1057E,F02A9.6
WBPaper00001677,WBGene00001609,G137E,F02A9.6
WBPaper00001677,WBGene00001609,G226E,F02A9.6
WBPaper00001677,WBGene00006743,G226E,Y16B4A.1
WBPaper00001691,WBGene00004747,R1508Q,C25D7.3
WBPaper00001768,WBGene00001864,E183K,D1086.4a
WBPaper00001768,WBGene00001867,G88E,T07G12.12a
WBPaper00001768,WBGene00002990,G88E,C37F5.1a
WBPaper00001768,WBGene00002992,E183K,F36H1.4e
WBPaper00001835,WBGene00000596,G258A,C15A11.5
WBPaper00001835,WBGene00000597,G258A,F11H8.3
WBPaper00001835,WBGene00000617,G258A,T13B5.4
WBPaper00001835,WBGene00000898,C413T,Y55D5A.5a
WBPaper00001835,WBGene00000898,C413T,Y55D5A.5c
WBPaper00001835,WBGene00000898,G1105A,Y55D5A.5a
WBPaper00001835,WBGene00000898,G1105C,Y55D5A.5a
WBPaper00001835,WBGene00000898,G604A,Y55D5A.5a
WBPaper00001835,WBGene00000898,G604A,Y55D5A.5c
WBPaper00001835,WBGene00001069,G258A,F46C8.6
WBPaper00001835,WBGene00001263,G258A,K04H4.1a
WBPaper00001835,WBGene00001263,G258A,K04H4.1b
WBPaper00001835,WBGene00001263,G943A,K04H4.1a
WBPaper00001835,WBGene00001263,G943A,K04H4.1b
WBPaper00001835,WBGene00001609,G604A,F02A9.6
WBPaper00001835,WBGene00005016,G258A,B0491.2
WBPaper00002018,WBGene00003171,A393T,ZK154.3
WBPaper00002018,WBGene00003171,A97V,ZK154.3
WBPaper00002018,WBGene00003171,C303Y,ZK154.3
WBPaper00002018,WBGene00003171,D249N,ZK154.3
WBPaper00002018,WBGene00003171,E407K,ZK154.3
WBPaper00002018,WBGene00003171,F317I,ZK154.3
WBPaper00002018,WBGene00003171,G109E,ZK154.3
WBPaper00002018,WBGene00003171,G148R,ZK154.3
WBPaper00002018,WBGene00003171,G244S,ZK154.3
WBPaper00002018,WBGene00003171,G269D,ZK154.3
WBPaper00002018,WBGene00003171,G34S,ZK154.3
WBPaper00002018,WBGene00003171,G369R,ZK154.3
WBPaper00002018,WBGene00003171,G402R,ZK154.3
WBPaper00002018,WBGene00003171,M300T,ZK154.3
WBPaper00002018,WBGene00003171,M300V,ZK154.3
WBPaper00002018,WBGene00003171,N226Y,ZK154.3
WBPaper00002018,WBGene00003171,N247I,ZK154.3
WBPaper00002018,WBGene00003171,P171L,ZK154.3
WBPaper00002018,WBGene00003171,P243L,ZK154.3
WBPaper00002018,WBGene00003171,P61L,ZK154.3
WBPaper00002018,WBGene00003171,P61S,ZK154.3
WBPaper00002018,WBGene00003171,Q279X,ZK154.3
WBPaper00002018,WBGene00003171,Q280X,ZK154.3
WBPaper00002018,WBGene00003171,Q292P,ZK154.3
WBPaper00002018,WBGene00003171,R318Q,ZK154.3
WBPaper00002018,WBGene00003171,R318X,ZK154.3
WBPaper00002018,WBGene00003171,S176F,ZK154.3
WBPaper00002018,WBGene00003171,S188F,ZK154.3
WBPaper00002018,WBGene00003171,S25F,ZK154.3
WBPaper00002018,WBGene00003171,T214P,ZK154.3
WBPaper00002018,WBGene00003171,V179A,ZK154.3
WBPaper00002018,WBGene00003171,V255M,ZK154.3
WBPaper00002018,WBGene00003171,V286D,ZK154.3
WBPaper00002018,WBGene00003171,W101X,ZK154.3
WBPaper00002018,WBGene00003171,W344X,ZK154.3
WBPaper00002034,WBGene00001412,P50L,T19C3.8
WBPaper00002034,WBGene00001413,E154K,C01F6.4a
WBPaper00002034,WBGene00001842,E154K,ZK287.8a
WBPaper00002034,WBGene00001842,E77K,ZK287.8a
WBPaper00002034,WBGene00001842,P50L,ZK287.8a
WBPaper00002034,WBGene00001867,E154K,T07G12.12a
WBPaper00002034,WBGene00006605,E77K,C15F1.3c
WBPaper00002207,WBGene00001411,G227S,F35D6.1a
WBPaper00002207,WBGene00001481,G248R,Y54E10A.4c
WBPaper00002207,WBGene00001513,P335S,T05H4.14
WBPaper00002207,WBGene00001595,G227S,T23G11.3
WBPaper00002207,WBGene00001595,G248R,T23G11.3
WBPaper00002207,WBGene00001595,G250R,T23G11.3
WBPaper00002207,WBGene00001595,G308E,T23G11.3
WBPaper00002207,WBGene00001595,P335S,T23G11.3
WBPaper00002207,WBGene00001628,G250R,ZK688.8
WBPaper00002207,WBGene00006741,G227S,K03E6.5a
WBPaper00002379,WBGene00000897,G359A,F29C4.1a
WBPaper00002379,WBGene00000897,G359A,F29C4.1b
WBPaper00002379,WBGene00000897,R631G,F29C4.1a
WBPaper00002379,WBGene00001063,G250E,M01E10.2a
WBPaper00002379,WBGene00001063,G602A,M01E10.2b
WBPaper00002379,WBGene00001063,G650A,M01E10.2b
WBPaper00002379,WBGene00001063,G768A,M01E10.2b
WBPaper00002379,WBGene00001063,G809A,M01E10.2b
WBPaper00002379,WBGene00001063,G959A,M01E10.2b
WBPaper00002379,WBGene00001063,P209L,M01E10.2b
WBPaper00002379,WBGene00001063,P69L,M01E10.2a
WBPaper00002379,WBGene00003167,G176A,F01D4.6c
WBPaper00002379,WBGene00003167,G196R,F01D4.6a
WBPaper00002379,WBGene00003167,G238R,F01D4.6d
WBPaper00002379,WBGene00003167,P249L,F01D4.6c
WBPaper00002379,WBGene00003168,G313E,T01C8.7
WBPaper00002379,WBGene00003168,P209L,T01C8.7
WBPaper00002379,WBGene00003169,G109E,E03G2.3
WBPaper00002379,WBGene00003169,G112R,E03G2.3
WBPaper00002379,WBGene00003169,G154E,E03G2.3
WBPaper00002379,WBGene00003169,G184E,E03G2.3
WBPaper00002379,WBGene00003169,G193R,E03G2.3
WBPaper00002379,WBGene00003169,G196R,E03G2.3
WBPaper00002379,WBGene00003169,G208E,E03G2.3
WBPaper00002379,WBGene00003169,G232R,E03G2.3
WBPaper00002379,WBGene00003169,G235R,E03G2.3
WBPaper00002379,WBGene00003169,G238R,E03G2.3
WBPaper00002379,WBGene00003169,G247E,E03G2.3
WBPaper00002379,WBGene00003169,G250E,E03G2.3
WBPaper00002379,WBGene00003169,G253A,E03G2.3
WBPaper00002379,WBGene00003169,G253E,E03G2.3
WBPaper00002379,WBGene00003169,G262D,E03G2.3
WBPaper00002379,WBGene00003169,G262S,E03G2.3
WBPaper00002379,WBGene00003169,G313E,E03G2.3
WBPaper00002379,WBGene00003169,P249L,E03G2.3
WBPaper00002379,WBGene00003169,P264L,E03G2.3
WBPaper00002379,WBGene00003169,P69L,E03G2.3
WBPaper00002379,WBGene00003173,C203Y,C50H2.3a
WBPaper00002379,WBGene00003173,C381Y,C50H2.3a
WBPaper00002379,WBGene00003173,G154E,C50H2.3a
WBPaper00002379,WBGene00003173,G235R,C50H2.3a
WBPaper00002379,WBGene00003173,G247E,C50H2.3b
WBPaper00002379,WBGene00003173,G262D,C50H2.3a
WBPaper00002379,WBGene00003173,G262S,C50H2.3a
WBPaper00002379,WBGene00003173,G313E,C50H2.3a
WBPaper00002379,WBGene00003173,G315E,C50H2.3a
WBPaper00002379,WBGene00003173,G315R,C50H2.3a
WBPaper00002379,WBGene00003173,G359A,C50H2.3b
WBPaper00002379,WBGene00003173,G365A,C50H2.3a
WBPaper00002379,WBGene00003174,P264L,F16F9.5
WBPaper00002379,WBGene00003499,P264L,K04F10.6a
WBPaper00002379,WBGene00003499,P264L,K04F10.6b
WBPaper00002379,WBGene00004397,G109E,T01B7.7
WBPaper00002379,WBGene00004397,G170A,T01B7.7
WBPaper00002379,WBGene00004397,G176A,T01B7.7
WBPaper00002379,WBGene00004397,G196R,T01B7.7
WBPaper00002379,WBGene00004397,G208E,T01B7.7
WBPaper00002379,WBGene00004397,G232R,T01B7.7
WBPaper00002379,WBGene00004397,G235R,T01B7.7
WBPaper00002379,WBGene00004397,G238R,T01B7.7
WBPaper00002379,WBGene00004397,G247E,T01B7.7
WBPaper00002379,WBGene00004397,G250E,T01B7.7
WBPaper00002379,WBGene00004397,G253A,T01B7.7
WBPaper00002379,WBGene00004397,G253E,T01B7.7
WBPaper00002379,WBGene00004397,G315E,T01B7.7
WBPaper00002379,WBGene00004397,G315R,T01B7.7
WBPaper00002379,WBGene00004397,P249L,T01B7.7
WBPaper00002379,WBGene00006747,G109E,R07D5.1f
WBPaper00002379,WBGene00006747,G109E,R07D5.1g
WBPaper00002379,WBGene00006747,G112R,R07D5.1a
WBPaper00002379,WBGene00006747,G112R,R07D5.1j
WBPaper00002379,WBGene00006747,G184E,R07D5.1f
WBPaper00002379,WBGene00006747,G184E,R07D5.1g
WBPaper00002379,WBGene00006747,G196R,R07D5.1f
WBPaper00002379,WBGene00006747,G196R,R07D5.1g
WBPaper00002379,WBGene00006747,G232R,R07D5.1c
WBPaper00002379,WBGene00006747,G247E,R07D5.1b
WBPaper00002379,WBGene00006747,G247E,R07D5.1i
WBPaper00002379,WBGene00006747,G250E,R07D5.1a
WBPaper00002379,WBGene00006747,G250E,R07D5.1g
WBPaper00002379,WBGene00006747,G250E,R07D5.1j
WBPaper00002379,WBGene00006747,G313E,R07D5.1j
WBPaper00002379,WBGene00006747,G315E,R07D5.1a
WBPaper00002379,WBGene00006747,G315R,R07D5.1a
WBPaper00002379,WBGene00006747,P69L,R07D5.1d
WBPaper00002379,WBGene00006747,P69L,R07D5.1e
WBPaper00002379,WBGene00006778,G184E,F58E6.10b
WBPaper00002379,WBGene00023497,G313E,ZK662.4
WBPaper00002379,WBGene00023497,G765A,ZK662.4
WBPaper00002379,WBGene00023497,G809A,ZK662.4
WBPaper00002379,WBGene00023497,P69L,ZK662.4
WBPaper00003021,WBGene00003214,G313E,C05D11.11a
WBPaper00003021,WBGene00004777,G313E,C02D4.2e
WBPaper00003350,WBGene00004397,G217D,T01B7.7
WBPaper00003350,WBGene00004397,G294R,T01B7.7
WBPaper00003350,WBGene00006750,G1177A,T10A3.1a
WBPaper00003350,WBGene00006750,G1397A,T10A3.1c
WBPaper00003350,WBGene00006750,G659A,T10A3.1a
WBPaper00003350,WBGene00006750,G659A,T10A3.1b
WBPaper00003350,WBGene00006750,G659A,T10A3.1d
WBPaper00003350,WBGene00006750,G659A,T10A3.1f
WBPaper00003350,WBGene00006762,G217D,Y37D8A.23a
WBPaper00003350,WBGene00006762,G217D,Y37D8A.23b
WBPaper00003350,WBGene00006762,G217D,Y37D8A.23c
WBPaper00003350,WBGene00006762,G292D,Y37D8A.23a
WBPaper00003350,WBGene00006762,G292D,Y37D8A.23b
WBPaper00003350,WBGene00006762,G294R,Y37D8A.23a
WBPaper00003350,WBGene00006762,G294R,Y37D8A.23b
WBPaper00003350,WBGene00006762,G323E,Y37D8A.23a
WBPaper00003350,WBGene00006762,G323E,Y37D8A.23b
WBPaper00003350,WBGene00006762,G364E,Y37D8A.23a
WBPaper00003350,WBGene00006762,G364E,Y37D8A.23b
WBPaper00003350,WBGene00006762,G387E,Y37D8A.23a
WBPaper00003350,WBGene00006762,G387E,Y37D8A.23b
WBPaper00003350,WBGene00006762,G387R,Y37D8A.23a
WBPaper00003350,WBGene00006762,G387R,Y37D8A.23b
WBPaper00003350,WBGene00006762,G390R,Y37D8A.23a
WBPaper00003350,WBGene00006762,G390R,Y37D8A.23b
WBPaper00003350,WBGene00006762,G463D,Y37D8A.23a
WBPaper00003350,WBGene00006762,L321F,Y37D8A.23a
WBPaper00003350,WBGene00006762,L321F,Y37D8A.23b
WBPaper00003350,WBGene00006762,M322I,Y37D8A.23a
WBPaper00003350,WBGene00006762,M322I,Y37D8A.23b
WBPaper00003350,WBGene00006762,W291X,Y37D8A.23a
WBPaper00003350,WBGene00006762,W291X,Y37D8A.23b
WBPaper00003350,WBGene00006784,L321F,T21C12.1f
WBPaper00003350,WBGene00007024,G323E,W01A8.1a
WBPaper00003350,WBGene00007024,G323E,W01A8.1b
WBPaper00003350,WBGene00007024,G364E,W01A8.1a
WBPaper00003350,WBGene00007024,G364E,W01A8.1b
WBPaper00003350,WBGene00023497,G1169A,ZK662.4
WBPaper00003350,WBGene00023497,G977A,ZK662.4
WBPaper00003350,WBGene00023497,W291X,ZK662.4
WBPaper00003632,WBGene00001174,S65C,C08C3.1a
WBPaper00003632,WBGene00001174,S65C,C08C3.1b
WBPaper00003632,WBGene00002299,G324E,ZK1067.1c
WBPaper00003632,WBGene00002299,H284Y,ZK1067.1b
WBPaper00003632,WBGene00002990,G324E,C37F5.1b
WBPaper00003632,WBGene00002990,P246L,C37F5.1b
WBPaper00003632,WBGene00002991,S65C,F17E5.1b
WBPaper00003632,WBGene00002992,H284Y,F36H1.4b
WBPaper00003632,WBGene00002992,H284Y,F36H1.4e
WBPaper00003632,WBGene00002992,R189Q,F36H1.4e
WBPaper00003632,WBGene00002992,S65C,F36H1.4e
WBPaper00003632,WBGene00002996,R189Q,Y54G11A.10b
WBPaper00003632,WBGene00002998,G324E,ZK637.7b
WBPaper00003632,WBGene00003020,G324E,C32F10.2
WBPaper00003632,WBGene00003021,E241K,F44B9.6
WBPaper00003632,WBGene00003021,G324E,F44B9.6
WBPaper00003632,WBGene00003021,H284Y,F44B9.6
WBPaper00003632,WBGene00003021,P246L,F44B9.6
WBPaper00003632,WBGene00003021,R189Q,F44B9.6
WBPaper00003632,WBGene00003021,Y325N,F44B9.6
WBPaper00003632,WBGene00003037,G324E,JC8.6a
WBPaper00003632,WBGene00003559,G324E,ZK112.2c
WBPaper00003632,WBGene00006745,G324E,B0273.4d
WBPaper00003632,WBGene00006745,S65C,B0273.4a
WBPaper00003632,WBGene00006745,S65C,B0273.4b
WBPaper00003632,WBGene00013006,R189Q,Y48E1B.7
WBPaper00003632,WBGene00023497,R189Q,ZK662.4
WBPaper00003757,WBGene00000952,G188D,E02H4.1a
WBPaper00003757,WBGene00000952,G188S,E02H4.1a
WBPaper00003757,WBGene00000952,L121F,E02H4.1c
WBPaper00003757,WBGene00000952,R190Q,E02H4.1a
WBPaper00003757,WBGene00003168,E580K,T01C8.7
WBPaper00003757,WBGene00003168,G188D,T01C8.7
WBPaper00003757,WBGene00003168,G188S,T01C8.7
WBPaper00003757,WBGene00003168,R197K,T01C8.7
WBPaper00003757,WBGene00003174,E580K,F16F9.5
WBPaper00003757,WBGene00006744,F174E,F26C11.2
WBPaper00003757,WBGene00006744,G188D,F26C11.2
WBPaper00003757,WBGene00006744,G188S,F26C11.2
WBPaper00003757,WBGene00006744,L121F,F26C11.2
WBPaper00003757,WBGene00006744,R190Q,F26C11.2
WBPaper00003757,WBGene00006744,R197K,F26C11.2
WBPaper00003757,WBGene00006748,E580K,R13A1.4a
WBPaper00003757,WBGene00006748,E580K,R13A1.4c
WBPaper00003757,WBGene00006748,E580K,R13A1.4d
WBPaper00003757,WBGene00006773,E580K,W02D3.9
WBPaper00003757,WBGene00006773,H539Y,W02D3.9
WBPaper00003815,WBGene00000215,G277D,T18H9.2
WBPaper00003815,WBGene00000216,S314L,H22K11.1
WBPaper00003815,WBGene00000216,S314P,H22K11.1
WBPaper00003815,WBGene00000415,G360S,Y47H9C.4a
WBPaper00003815,WBGene00000415,G360S,Y47H9C.4b
WBPaper00003815,WBGene00000415,G360S,Y47H9C.4c
WBPaper00003815,WBGene00000415,L27F,Y47H9C.4a
WBPaper00003815,WBGene00000415,L27F,Y47H9C.4b
WBPaper00003815,WBGene00000415,L27F,Y47H9C.4c
WBPaper00003815,WBGene00000417,A347V,C48D1.2a
WBPaper00003815,WBGene00000417,C358A,C48D1.2a
WBPaper00003815,WBGene00000417,C358S,C48D1.2a
WBPaper00003815,WBGene00000417,D131A,C48D1.2a
WBPaper00003815,WBGene00000417,D221E,C48D1.2a
WBPaper00003815,WBGene00000417,D371A,C48D1.2a
WBPaper00003815,WBGene00000417,D374A,C48D1.2a
WBPaper00003815,WBGene00000417,E318K,C48D1.2a
WBPaper00003815,WBGene00000417,G277D,C48D1.2a
WBPaper00003815,WBGene00000417,G360S,C48D1.2a
WBPaper00003815,WBGene00000417,G474R,C48D1.2a
WBPaper00003815,WBGene00000417,H315Y,C48D1.2a
WBPaper00003815,WBGene00000417,L27F,C48D1.2a
WBPaper00003815,WBGene00000417,L30F,C48D1.2a
WBPaper00003815,WBGene00000417,L30F,C48D1.2b
WBPaper00003815,WBGene00000417,R242C,C48D1.2a
WBPaper00003815,WBGene00000417,R359Q,C48D1.2a
WBPaper00003815,WBGene00000417,R429K,C48D1.2a
WBPaper00003815,WBGene00000417,S314L,C48D1.2a
WBPaper00003815,WBGene00000417,S314P,C48D1.2a
WBPaper00003815,WBGene00000417,S486F,C48D1.2a
WBPaper00003815,WBGene00000418,L27F,C35D10.9a
WBPaper00003815,WBGene00000418,L27F,C35D10.9b
WBPaper00003815,WBGene00000418,L30F,C35D10.9a
WBPaper00003815,WBGene00000418,L30F,C35D10.9b
WBPaper00003815,WBGene00000418,R242C,C35D10.9a
WBPaper00003815,WBGene00000418,S314L,C35D10.9b
WBPaper00003815,WBGene00000418,S314P,C35D10.9b
WBPaper00003815,WBGene00000419,L27F,C02F4.1
WBPaper00003815,WBGene00000425,D371A,ZK512.3
WBPaper00003815,WBGene00000425,S314L,ZK512.3
WBPaper00003815,WBGene00000425,S314P,ZK512.3
WBPaper00003815,WBGene00002189,A347V,ZK909.2i
WBPaper00003815,WBGene00002189,A347V,ZK909.2k
WBPaper00003815,WBGene00002189,A347V,ZK909.2m
WBPaper00003815,WBGene00002189,D371A,ZK909.2e
WBPaper00003815,WBGene00002189,D374A,ZK909.2n
WBPaper00003815,WBGene00002189,E318K,ZK909.2d
WBPaper00003815,WBGene00002189,G360S,ZK909.2e
WBPaper00003815,WBGene00002189,G360S,ZK909.2l
WBPaper00003815,WBGene00002189,R242C,ZK909.2n
WBPaper00003815,WBGene00002189,R359Q,ZK909.2k
WBPaper00003815,WBGene00003171,G360S,ZK154.3
WBPaper00003815,WBGene00003171,R359Q,ZK154.3
WBPaper00003815,WBGene00003906,S314L,W03G9.6
WBPaper00003815,WBGene00003906,S314P,W03G9.6
WBPaper00003815,WBGene00004773,S360G,F15C11.1
WBPaper00003815,WBGene00006743,S486F,Y16B4A.1
WBPaper00003815,WBGene00010241,D374A,F58D2.2
WBPaper00003815,WBGene00010241,G277D,F58D2.2
WBPaper00003969,WBGene00003168,A321T,T01C8.7
WBPaper00003969,WBGene00003168,A420V,T01C8.7
WBPaper00003969,WBGene00003168,A713D,T01C8.7
WBPaper00003969,WBGene00003168,A713V,T01C8.7
WBPaper00003969,WBGene00003168,C595Y,T01C8.7
WBPaper00003969,WBGene00003168,D599N,T01C8.7
WBPaper00003969,WBGene00003168,D714A,T01C8.7
WBPaper00003969,WBGene00003168,E397K,T01C8.7
WBPaper00003969,WBGene00003168,E445K,T01C8.7
WBPaper00003969,WBGene00003168,E732K,T01C8.7
WBPaper00003969,WBGene00003168,G117E,T01C8.7
WBPaper00003969,WBGene00003168,G230E,T01C8.7
WBPaper00003969,WBGene00003168,G533S,T01C8.7
WBPaper00003969,WBGene00003168,G539E,T01C8.7
WBPaper00003969,WBGene00003168,G598E,T01C8.7
WBPaper00003969,WBGene00003168,G716D,T01C8.7
WBPaper00003969,WBGene00003168,G95E,T01C8.7
WBPaper00003969,WBGene00003168,K72X,T01C8.7
WBPaper00003969,WBGene00003168,P395L,T01C8.7
WBPaper00003969,WBGene00003168,Q664X,T01C8.7
WBPaper00003969,WBGene00003168,R108X,T01C8.7
WBPaper00003969,WBGene00003168,R601C,T01C8.7
WBPaper00003969,WBGene00003168,S542F,T01C8.7
WBPaper00003969,WBGene00003168,S726F,T01C8.7
WBPaper00003969,WBGene00003168,S92F,T01C8.7
WBPaper00003969,WBGene00003168,T729I,T01C8.7
WBPaper00003969,WBGene00003168,T91I,T01C8.7
WBPaper00003969,WBGene00003168,W273X,T01C8.7
WBPaper00003969,WBGene00003168,W338X,T01C8.7
WBPaper00003969,WBGene00003168,W722X,T01C8.7
WBPaper00003969,WBGene00003168,Y89R,T01C8.7
WBPaper00003969,WBGene00003173,C595Y,C50H2.3a
WBPaper00003969,WBGene00003173,G716D,C50H2.3a
WBPaper00003969,WBGene00003174,Y89R,F16F9.5
WBPaper00003969,WBGene00006748,A321T,R13A1.4c
WBPaper00003969,WBGene00006748,A713D,R13A1.4a
WBPaper00003969,WBGene00006748,A713V,R13A1.4a
WBPaper00003969,WBGene00006748,C595Y,R13A1.4c
WBPaper00003969,WBGene00006748,E445K,R13A1.4d
WBPaper00003969,WBGene00006748,G533S,R13A1.4c
WBPaper00003969,WBGene00006748,S726F,R13A1.4d
WBPaper00003969,WBGene00006750,G539E,T10A3.1a
WBPaper00003969,WBGene00006750,G539E,T10A3.1b
WBPaper00003969,WBGene00006750,G539E,T10A3.1d
WBPaper00003969,WBGene00006750,G539E,T10A3.1f
WBPaper00003969,WBGene00006750,G598E,T10A3.1d
WBPaper00003969,WBGene00006750,G598E,T10A3.1f
WBPaper00003969,WBGene00006750,Q664X,T10A3.1d
WBPaper00003969,WBGene00006750,Q664X,T10A3.1f
WBPaper00003969,WBGene00006750,S726F,T10A3.1a
WBPaper00003969,WBGene00006750,S726F,T10A3.1b
WBPaper00003989,WBGene00000254,L46W,K04F10.4a
WBPaper00003989,WBGene00000254,L46W,K04F10.4b
WBPaper00003989,WBGene00000254,L46W,K04F10.4c
WBPaper00003989,WBGene00000254,L46W,K04F10.4d
WBPaper00003989,WBGene00000254,L46W,K04F10.4e
WBPaper00003989,WBGene00000254,L46W,K04F10.4f
WBPaper00003989,WBGene00000254,L46W,K04F10.4g
WBPaper00003989,WBGene00000254,L46W,K04F10.4h
WBPaper00003989,WBGene00000254,L46W,K04F10.4i
WBPaper00003989,WBGene00000254,L46W,K04F10.4j
WBPaper00003989,WBGene00000421,A223V,C48B4.4d
WBPaper00003989,WBGene00000421,G224D,C48B4.4d
WBPaper00003989,WBGene00000441,A223V,ZC64.3b
WBPaper00003989,WBGene00000441,G224D,ZC64.3a
WBPaper00003989,WBGene00001063,G224D,M01E10.2a
WBPaper00003989,WBGene00001263,G224D,K04H4.1a
WBPaper00003989,WBGene00001263,G224D,K04H4.1b
WBPaper00003989,WBGene00001284,A223V,F54C8.3
WBPaper00003989,WBGene00001284,G224D,F54C8.3
WBPaper00003989,WBGene00001284,L46W,F54C8.3
WBPaper00003989,WBGene00002299,A223V,ZK1067.1c
WBPaper00003989,WBGene00002299,L46W,ZK1067.1d
WBPaper00003989,WBGene00004856,A223V,ZK370.2a
WBPaper00003989,WBGene00004879,L46W,C48B6.6a
WBPaper00003989,WBGene00004879,L46W,C48B6.6b
WBPaper00003989,WBGene00005021,L46W,R10E11.4
WBPaper00004181,WBGene00000897,M562I,F29C4.1a
WBPaper00004181,WBGene00000897,Q618X,F29C4.1a
WBPaper00004181,WBGene00000898,L147X,Y55D5A.5d
WBPaper00004181,WBGene00000898,L147X,Y55D5A.5e
WBPaper00004181,WBGene00000898,M562I,Y55D5A.5a
WBPaper00004181,WBGene00000898,M562I,Y55D5A.5c
WBPaper00004181,WBGene00000898,R564C,Y55D5A.5a
WBPaper00004181,WBGene00000898,R564C,Y55D5A.5c
WBPaper00004181,WBGene00000898,R564H,Y55D5A.5a
WBPaper00004181,WBGene00000898,R564H,Y55D5A.5c
WBPaper00004181,WBGene00000898,S137F,Y55D5A.5e
WBPaper00004181,WBGene00000900,C154X,C05D2.1b
WBPaper00004181,WBGene00000900,M562I,C05D2.1c
WBPaper00004181,WBGene00000908,A125V,F11A1.3a
WBPaper00004181,WBGene00000908,A125V,F11A1.3g
WBPaper00004181,WBGene00000908,C121Y,F11A1.3a
WBPaper00004181,WBGene00000908,C121Y,F11A1.3g
WBPaper00004181,WBGene00000908,C154X,F11A1.3a
WBPaper00004181,WBGene00000908,C154X,F11A1.3g
WBPaper00004181,WBGene00000908,C461Y,F11A1.3a
WBPaper00004181,WBGene00000908,G582K,F11A1.3a
WBPaper00004181,WBGene00000908,L147X,F11A1.3a
WBPaper00004181,WBGene00000908,L147X,F11A1.3g
WBPaper00004181,WBGene00000908,M562I,F11A1.3a
WBPaper00004181,WBGene00000908,P746S,F11A1.3a
WBPaper00004181,WBGene00000908,Q501X,F11A1.3a
WBPaper00004181,WBGene00000908,Q59X,F11A1.3a
WBPaper00004181,WBGene00000908,Q59X,F11A1.3g
WBPaper00004181,WBGene00000908,Q618X,F11A1.3a
WBPaper00004181,WBGene00000908,Q707X,F11A1.3a
WBPaper00004181,WBGene00000908,R143K,F11A1.3a
WBPaper00004181,WBGene00000908,R143K,F11A1.3g
WBPaper00004181,WBGene00000908,R197K,F11A1.3a
WBPaper00004181,WBGene00000908,R197K,F11A1.3c
WBPaper00004181,WBGene00000908,R197K,F11A1.3g
WBPaper00004181,WBGene00000908,R564C,F11A1.3a
WBPaper00004181,WBGene00000908,R564C,F11A1.3d
WBPaper00004181,WBGene00000908,R564H,F11A1.3a
WBPaper00004181,WBGene00000908,R564H,F11A1.3d
WBPaper00004181,WBGene00000908,R688X,F11A1.3a
WBPaper00004181,WBGene00000908,R688X,F11A1.3f
WBPaper00004181,WBGene00000908,S137F,F11A1.3a
WBPaper00004181,WBGene00000908,S137F,F11A1.3g
WBPaper00004181,WBGene00000908,S70X,F11A1.3a
WBPaper00004181,WBGene00000908,S70X,F11A1.3g
WBPaper00004181,WBGene00000908,W187X,F11A1.3a
WBPaper00004181,WBGene00000908,W187X,F11A1.3g
WBPaper00004181,WBGene00002991,Q618X,F17E5.1a
WBPaper00004181,WBGene00003003,S137F,T25C12.1a
WBPaper00004181,WBGene00003499,Q59X,K04F10.6a
WBPaper00004181,WBGene00003499,Q59X,K04F10.6b
WBPaper00004181,WBGene00003607,L147X,F33D4.1a
WBPaper00004181,WBGene00003607,L147X,F33D4.1b
WBPaper00004181,WBGene00003607,Q501X,F33D4.1a
WBPaper00004181,WBGene00003638,R197K,ZK662.3a
WBPaper00004181,WBGene00003638,R197K,ZK662.3b
WBPaper00004181,WBGene00003638,R197K,ZK662.3c
WBPaper00004181,WBGene00003638,R197K,ZK662.3d
WBPaper00004181,WBGene00006759,C461Y,ZK617.1e
WBPaper00004181,WBGene00006759,Q707X,ZK617.1b
WBPaper00004181,WBGene00006759,Q707X,ZK617.1h
WBPaper00004181,WBGene00006759,Q707X,ZK617.1i
WBPaper00004181,WBGene00006759,S70X,ZK617.1e
WBPaper00004181,WBGene00018880,S137F,F55D10.5
WBPaper00004181,WBGene00023497,M562I,ZK662.4
WBPaper00004181,WBGene00023497,Q59X,ZK662.4
WBPaper00004275,WBGene00006763,D722N,JC8.10b
WBPaper00004275,WBGene00006763,D825N,JC8.10b
WBPaper00004275,WBGene00006763,E623X,JC8.10b
WBPaper00004275,WBGene00006763,G662E,JC8.10b
WBPaper00004275,WBGene00006763,G721R,JC8.10b
WBPaper00004275,WBGene00006763,R709T,JC8.10b
WBPaper00004275,WBGene00006763,R799X,JC8.10b
WBPaper00004275,WBGene00006763,W796X,JC8.10a
WBPaper00004275,WBGene00006763,W796X,JC8.10b
WBPaper00004275,WBGene00006763,W802X,JC8.10b
WBPaper00004275,WBGene00006763,W903X,JC8.10b
WBPaper00004282,WBGene00000897,C90Y,F29C4.1a
WBPaper00004282,WBGene00000897,C90Y,F29C4.1b
WBPaper00004282,WBGene00000897,E105A,F29C4.1a
WBPaper00004282,WBGene00000897,E105A,F29C4.1b
WBPaper00004282,WBGene00000897,G110E,F29C4.1a
WBPaper00004282,WBGene00000897,G110E,F29C4.1b
WBPaper00004282,WBGene00000897,G352E,F29C4.1a
WBPaper00004282,WBGene00000897,G352E,F29C4.1b
WBPaper00004282,WBGene00000897,G465D,F29C4.1a
WBPaper00004282,WBGene00000897,G465D,F29C4.1b
WBPaper00004282,WBGene00000897,G70R,F29C4.1a
WBPaper00004282,WBGene00000897,G70R,F29C4.1b
WBPaper00004282,WBGene00000897,P546S,F29C4.1a
WBPaper00004282,WBGene00000897,R349K,F29C4.1a
WBPaper00004282,WBGene00000897,R349K,F29C4.1b
WBPaper00004282,WBGene00000899,E105A,F25E2.5a
WBPaper00004282,WBGene00000899,E105A,F25E2.5c
WBPaper00004282,WBGene00000899,E105A,F25E2.5d
WBPaper00004282,WBGene00000899,G352E,F25E2.5g
WBPaper00004282,WBGene00000899,G352E,F25E2.5h
WBPaper00004282,WBGene00000899,G465D,F25E2.5h
WBPaper00004282,WBGene00000899,P546S,F25E2.5a
WBPaper00004282,WBGene00000900,C90Y,C05D2.1a
WBPaper00004282,WBGene00000900,C90Y,C05D2.1d
WBPaper00004282,WBGene00000900,C90Y,C05D2.1e
WBPaper00004282,WBGene00000900,E105A,C05D2.1a
WBPaper00004282,WBGene00000900,E105A,C05D2.1d
WBPaper00004282,WBGene00000900,E105A,C05D2.1e
WBPaper00004282,WBGene00004856,E105A,ZK370.2a
WBPaper00004282,WBGene00004856,G352E,ZK370.2a
WBPaper00004282,WBGene00004857,C90Y,R13F6.9
WBPaper00004282,WBGene00004860,P546S,C32D5.2
WBPaper00004442,WBGene00002990,R108X,C37F5.1a
WBPaper00004442,WBGene00003017,N68I,K10G6.1
WBPaper00004442,WBGene00003017,Q58X,K10G6.1
WBPaper00004442,WBGene00003017,R108X,K10G6.1
WBPaper00004442,WBGene00003017,R62Q,K10G6.1
WBPaper00004442,WBGene00003017,R62X,K10G6.1
WBPaper00004442,WBGene00003017,W57X,K10G6.1
WBPaper00004442,WBGene00003017,W87X,K10G6.1
WBPaper00004442,WBGene00004013,N68I,F38A6.1a
WBPaper00004503,WBGene00000415,N962A,Y47H9C.4a
WBPaper00004503,WBGene00000415,N962A,Y47H9C.4b
WBPaper00004503,WBGene00000415,N962A,Y47H9C.4c
WBPaper00004503,WBGene00000415,Y1019A,Y47H9C.4a
WBPaper00004503,WBGene00000415,Y1019A,Y47H9C.4b
WBPaper00004503,WBGene00000415,Y965A,Y47H9C.4a
WBPaper00004503,WBGene00000415,Y965A,Y47H9C.4b
WBPaper00004503,WBGene00000415,Y965A,Y47H9C.4c
WBPaper00004943,WBGene00000548,G60R,F56D1.4a
WBPaper00004943,WBGene00000548,G60R,F56D1.4b
WBPaper00004943,WBGene00000548,G60R,F56D1.4e
WBPaper00004943,WBGene00001063,P49L,M01E10.2a
WBPaper00004943,WBGene00001064,R87Q,T14B4.6
WBPaper00004943,WBGene00002299,C518S,ZK1067.1c
WBPaper00004943,WBGene00002299,P49L,ZK1067.1d
WBPaper00004943,WBGene00002299,R87Q,ZK1067.1a
WBPaper00004943,WBGene00002990,R159E,C37F5.1b
WBPaper00004943,WBGene00002990,R87Q,C37F5.1a
WBPaper00004943,WBGene00002992,G60R,F36H1.4e
WBPaper00004943,WBGene00002992,Y408F,F36H1.4g
WBPaper00004943,WBGene00003030,G60R,Y73B6A.5f
WBPaper00004943,WBGene00003030,R87Q,Y73B6A.5c
WBPaper00004943,WBGene00004214,C518S,F59G1.5
WBPaper00004943,WBGene00004214,R159E,F59G1.5
WBPaper00004943,WBGene00004214,R36E,F59G1.5
WBPaper00004943,WBGene00004774,P49L,C14F5.5
WBPaper00004943,WBGene00004774,R87Q,C14F5.5
WBPaper00004943,WBGene00004928,W124A,F41F3.2
WBPaper00004943,WBGene00004928,Y408F,F41F3.2
WBPaper00004943,WBGene00004929,G60R,AC7.2c
WBPaper00004943,WBGene00006759,G60R,ZK617.1d
WBPaper00004943,WBGene00006761,P49L,F57H12.2
WBPaper00004985,WBGene00004777,S252A,C02D4.2b
WBPaper00004985,WBGene00004777,S252F,C02D4.2b
WBPaper00005045,WBGene00001063,E408K,M01E10.2b
WBPaper00005045,WBGene00001063,Q354X,M01E10.2a
WBPaper00005045,WBGene00001481,C122X,Y54E10A.4b
WBPaper00005045,WBGene00001481,C409Y,Y54E10A.4b
WBPaper00005045,WBGene00001481,C580Y,Y54E10A.4b
WBPaper00005045,WBGene00001481,E408K,Y54E10A.4b
WBPaper00005045,WBGene00001481,G343E,Y54E10A.4b
WBPaper00005045,WBGene00001481,G343R,Y54E10A.4b
WBPaper00005045,WBGene00001481,G361R,Y54E10A.4b
WBPaper00005045,WBGene00001481,K238N,Y54E10A.4b
WBPaper00005045,WBGene00001481,P327L,Y54E10A.4b
WBPaper00005045,WBGene00001481,Q354X,Y54E10A.4b
WBPaper00005045,WBGene00001481,Q83X,Y54E10A.4b
WBPaper00005045,WBGene00001481,S204F,Y54E10A.4b
WBPaper00005045,WBGene00001481,T366I,Y54E10A.4b
WBPaper00005045,WBGene00001481,W10X,Y54E10A.4b
WBPaper00005045,WBGene00001481,W235X,Y54E10A.4b
WBPaper00005045,WBGene00001481,Y579D,Y54E10A.4b
WBPaper00005045,WBGene00001595,S204F,T23G11.3
WBPaper00005045,WBGene00003392,E408K,C04H5.6a
WBPaper00005045,WBGene00003785,G361R,Y53C12B.3a
WBPaper00005045,WBGene00003785,G361R,Y53C12B.3b
WBPaper00005045,WBGene00003785,P327L,Y53C12B.3a
WBPaper00005045,WBGene00003785,P327L,Y53C12B.3b
WBPaper00005045,WBGene00004882,K238N,F46B6.3a
WBPaper00005045,WBGene00004882,K238N,F46B6.3b
WBPaper00005045,WBGene00004882,P327L,F46B6.3a
WBPaper00005045,WBGene00006604,Q83X,Y47D3A.6a
WBPaper00005045,WBGene00006604,Q83X,Y47D3A.6b
WBPaper00005045,WBGene00006743,P327L,Y16B4A.1
WBPaper00005045,WBGene00006743,Q83X,Y16B4A.1
WBPaper00005045,WBGene00006745,Q83X,B0273.4a
WBPaper00005045,WBGene00006745,Q83X,B0273.4b
WBPaper00005045,WBGene00006745,S204F,B0273.4c
WBPaper00005096,WBGene00003132,E164K,Y110A7A.17a
WBPaper00005096,WBGene00003132,E164K,Y110A7A.17b
WBPaper00005096,WBGene00004333,A454V,W02A2.6a
WBPaper00005096,WBGene00004333,E73K,W02A2.6b
WBPaper00005135,WBGene00000996,E238K,F49E8.5
WBPaper00005135,WBGene00000996,R175X,F49E8.5
WBPaper00005135,WBGene00001063,G13E,M01E10.2b
WBPaper00005135,WBGene00001067,G13E,F27C1.8
WBPaper00005135,WBGene00001651,D213N,T01H8.5d
WBPaper00005135,WBGene00001651,R175X,T01H8.5c
WBPaper00005135,WBGene00002299,S872P,ZK1067.1c
WBPaper00005135,WBGene00002990,D213N,C37F5.1a
WBPaper00005135,WBGene00002990,R108W,C37F5.1a
WBPaper00005135,WBGene00002990,R175X,C37F5.1a
WBPaper00005135,WBGene00002990,R217L,C37F5.1b
WBPaper00005135,WBGene00002992,E238K,F36H1.4g
WBPaper00005135,WBGene00002997,E238K,B0454.1
WBPaper00005135,WBGene00002997,P92S,B0454.1
WBPaper00005135,WBGene00003017,R108W,K10G6.1
WBPaper00005135,WBGene00003017,W57X,K10G6.1
WBPaper00005135,WBGene00003030,D213N,Y73B6A.5c
WBPaper00005135,WBGene00003030,P92S,Y73B6A.5a
WBPaper00005135,WBGene00003030,R108W,Y73B6A.5a
WBPaper00005135,WBGene00003030,R118W,Y73B6A.5a
WBPaper00005135,WBGene00003030,R118W,Y73B6A.5e
WBPaper00005135,WBGene00003030,R175X,Y73B6A.5a
WBPaper00005135,WBGene00003030,R175X,Y73B6A.5d
WBPaper00005135,WBGene00003030,R217L,Y73B6A.5b
WBPaper00005135,WBGene00003186,D213N,Y54E10BL.6
WBPaper00005135,WBGene00003186,E238K,Y54E10BL.6
WBPaper00005135,WBGene00003401,D213N,F43C1.2a
WBPaper00005135,WBGene00003401,R175X,F43C1.2a
WBPaper00005135,WBGene00006745,G13E,B0273.4a
WBPaper00005135,WBGene00006745,G13E,B0273.4b
WBPaper00005135,WBGene00006745,G13E,B0273.4f
WBPaper00005135,WBGene00006761,D213N,F57H12.2
WBPaper00005135,WBGene00006765,R217L,T08G11.5
WBPaper00005135,WBGene00021922,D213N,Y55F3AM.4a
WBPaper00005135,WBGene00021922,R217L,Y55F3AM.4a
WBPaper00005177,WBGene00001069,G76E,F46C8.6
WBPaper00005177,WBGene00001073,G187E,F46E10.9
WBPaper00005177,WBGene00001073,G191R,F46E10.9
WBPaper00005177,WBGene00001073,G76E,F46E10.9
WBPaper00005177,WBGene00001073,W173X,F46E10.9
WBPaper00005177,WBGene00001073,W34X,F46E10.9
WBPaper00005177,WBGene00001073,W50X,F46E10.9
WBPaper00005177,WBGene00001173,G187E,F55A8.2a
WBPaper00005177,WBGene00001173,G187E,F55A8.2h
WBPaper00005177,WBGene00001173,G76E,F55A8.2g
WBPaper00005177,WBGene00001579,G76E,F56A11.1
WBPaper00005177,WBGene00004397,G76E,T01B7.7
WBPaper00005208,WBGene00000875,S15L,K08E3.6
WBPaper00005208,WBGene00002245,E502K,K08B4.1b
WBPaper00005208,WBGene00006974,E340K,M03D4.1a
WBPaper00005208,WBGene00006974,E340K,M03D4.1b
WBPaper00005208,WBGene00006974,E340K,M03D4.1f
WBPaper00005208,WBGene00006974,E502K,M03D4.1a
WBPaper00005208,WBGene00006974,E502K,M03D4.1b
WBPaper00005208,WBGene00006974,E502K,M03D4.1f
WBPaper00005208,WBGene00006974,G454E,M03D4.1a
WBPaper00005208,WBGene00006974,G454E,M03D4.1b
WBPaper00005208,WBGene00006974,G454E,M03D4.1f
WBPaper00005275,WBGene00000070,E992K,C44F1.5
WBPaper00005275,WBGene00000070,S457F,C44F1.5
WBPaper00005275,WBGene00000071,L314F,T01C2.1
WBPaper00005275,WBGene00001063,G1068R,M01E10.2a
WBPaper00005275,WBGene00001063,G181E,M01E10.2a
WBPaper00005275,WBGene00001680,L314F,F52A8.2a
WBPaper00005275,WBGene00001680,L347F,F52A8.2a
WBPaper00005275,WBGene00006752,E992K,ZK524.2a
WBPaper00005275,WBGene00006752,G1068R,ZK524.2e
WBPaper00005275,WBGene00006752,G1068R,ZK524.2i
WBPaper00005275,WBGene00006752,L347F,ZK524.2a
WBPaper00005275,WBGene00006752,L347F,ZK524.2d
WBPaper00005275,WBGene00006752,L347F,ZK524.2e
WBPaper00005275,WBGene00006752,P152A,ZK524.2b
WBPaper00005275,WBGene00006752,P152A,ZK524.2g
WBPaper00005275,WBGene00006752,P152S,ZK524.2b
WBPaper00005275,WBGene00006752,P152S,ZK524.2g
WBPaper00005275,WBGene00006752,R1074K,ZK524.2f
WBPaper00005275,WBGene00006752,R1216H,ZK524.2h
WBPaper00005275,WBGene00006752,S1109N,ZK524.2k
WBPaper00005275,WBGene00006752,S457F,ZK524.2g
WBPaper00005276,WBGene00001063,S24P,M01E10.2a
WBPaper00005276,WBGene00004960,L135F,Y66D12A.20
WBPaper00005276,WBGene00004960,T194I,Y66D12A.20
WBPaper00005276,WBGene00004962,L135F,F53G12.6
WBPaper00005276,WBGene00004966,S24P,T02E1.1
WBPaper00005276,WBGene00006759,G133E,ZK617.1c
WBPaper00005276,WBGene00006759,T176I,ZK617.1d
WBPaper00005374,WBGene00000148,R51X,ZC434.6a
WBPaper00005374,WBGene00000148,R51X,ZC434.6b
WBPaper00005374,WBGene00003975,R51X,T28D6.9
WBPaper00005374,WBGene00006747,R51X,R07D5.1d
WBPaper00005374,WBGene00006747,R51X,R07D5.1e
WBPaper00005504,WBGene00001413,F103I,C01F6.4c
WBPaper00005504,WBGene00001413,I160N,C01F6.4c
WBPaper00005504,WBGene00001414,G1957A,F43G9.6a
WBPaper00005504,WBGene00001414,G558R,F43G9.6b
WBPaper00005504,WBGene00004884,G560E,Y54F10AL.2a
WBPaper00005504,WBGene00004884,G560E,Y54F10AL.2c
WBPaper00005504,WBGene00004884,G560R,Y54F10AL.2a
WBPaper00005504,WBGene00004884,G560R,Y54F10AL.2c
WBPaper00005504,WBGene00006940,D561N,Y53C12A.1
WBPaper00005504,WBGene00006940,F103I,Y53C12A.1
WBPaper00005504,WBGene00006940,G245E,Y53C12A.1
WBPaper00005504,WBGene00006940,G558R,Y53C12A.1
WBPaper00005504,WBGene00006940,G560E,Y53C12A.1
WBPaper00005504,WBGene00006940,G560R,Y53C12A.1
WBPaper00005504,WBGene00006940,H163P,Y53C12A.1
WBPaper00005504,WBGene00006940,I160N,Y53C12A.1
WBPaper00005504,WBGene00006940,L590X,Y53C12A.1
WBPaper00005504,WBGene00006940,Q588X,Y53C12A.1
WBPaper00005533,WBGene00000951,E112K,K03B8.9
WBPaper00005533,WBGene00000951,G170E,K03B8.9
WBPaper00005533,WBGene00000951,G170R,K03B8.9
WBPaper00005533,WBGene00000951,G305E,K03B8.9
WBPaper00005533,WBGene00000951,I314N,K03B8.9
WBPaper00005533,WBGene00000951,L309F,K03B8.9
WBPaper00005533,WBGene00000951,P137L,K03B8.9
WBPaper00005533,WBGene00000951,P137S,K03B8.9
WBPaper00005533,WBGene00000951,S205N,K03B8.9
WBPaper00005533,WBGene00000951,Y337D,K03B8.9
WBPaper00005533,WBGene00000955,I314N,T26H10.1a
WBPaper00005533,WBGene00000955,I314N,T26H10.1b
WBPaper00005533,WBGene00003168,C586T,T01C8.7
WBPaper00005783,WBGene00001663,S247P,T19C4.6a
WBPaper00005783,WBGene00006599,S247P,B0545.1a
WBPaper00005955,WBGene00000074,D461N,C04A11.4a
WBPaper00005955,WBGene00000074,D461N,C04A11.4b
WBPaper00005955,WBGene00000075,C477Y,ZK154.7
WBPaper00005955,WBGene00000075,D461N,ZK154.7
WBPaper00005955,WBGene00001612,C477Y,C06E1.4
WBPaper00005955,WBGene00003143,C477Y,C34B4.1b
WBPaper00005955,WBGene00003143,L471P,C34B4.1a
WBPaper00005955,WBGene00003248,C477Y,F57B7.4
WBPaper00005955,WBGene00003929,L471P,F54F2.1
WBPaper00005955,WBGene00003930,D461N,ZK1058.2
WBPaper00005955,WBGene00003930,L471P,ZK1058.2
WBPaper00005955,WBGene00006070,G149R,C50C10.7
WBPaper00005955,WBGene00006351,D504N,K03A1.5
WBPaper00005955,WBGene00006745,G149R,B0273.4a
WBPaper00005955,WBGene00006745,G149R,B0273.4b
WBPaper00005955,WBGene00006776,D461N,T19B4.7
WBPaper00005955,WBGene00006804,C477Y,Y37D8A.13
WBPaper00005955,WBGene00006804,C509Y,Y37D8A.13
WBPaper00005955,WBGene00006804,D461N,Y37D8A.13
WBPaper00005955,WBGene00006804,D504N,Y37D8A.13
WBPaper00005955,WBGene00006804,G149R,Y37D8A.13
WBPaper00005955,WBGene00006804,L471P,Y37D8A.13
WBPaper00005955,WBGene00006804,P902L,Y37D8A.13
WBPaper00005955,WBGene00006804,R990K,Y37D8A.13
WBPaper00005955,WBGene00009100,C509Y,F25B3.3a
WBPaper00005955,WBGene00009100,C509Y,F25B3.3b
WBPaper00005955,WBGene00009100,D461N,F25B3.3a
WBPaper00005955,WBGene00009100,D461N,F25B3.3b
WBPaper00006135,WBGene00000440,E181K,D1007.1
WBPaper00006135,WBGene00001068,A236T,F16F9.2
WBPaper00006135,WBGene00001068,T103I,F16F9.2
WBPaper00006135,WBGene00001171,E88K,F16B3.1a
WBPaper00006135,WBGene00001171,E88K,F16B3.1b
WBPaper00006135,WBGene00001171,K170X,F16B3.1a
WBPaper00006135,WBGene00001171,K170X,F16B3.1b
WBPaper00006135,WBGene00001374,A74V,F12F3.1b
WBPaper00006135,WBGene00001374,D58V,F12F3.1a
WBPaper00006135,WBGene00001374,E181K,F12F3.1d
WBPaper00006135,WBGene00001374,F226S,F12F3.1b
WBPaper00006135,WBGene00001374,G202D,F12F3.1a
WBPaper00006135,WBGene00001374,G202S,F12F3.1a
WBPaper00006135,WBGene00001374,Q216X,F12F3.1d
WBPaper00006135,WBGene00001374,Q42X,F12F3.1d
WBPaper00006135,WBGene00001374,Q77X,F12F3.1c
WBPaper00006135,WBGene00001374,T195I,F12F3.1b
WBPaper00006135,WBGene00001374,V242M,F12F3.1a
WBPaper00006135,WBGene00001374,V44E,F12F3.1c
WBPaper00006135,WBGene00001579,L122F,F56A11.1
WBPaper00006135,WBGene00001579,L20X,F56A11.1
WBPaper00006135,WBGene00001579,Q208X,F56A11.1
WBPaper00006135,WBGene00001579,V242M,F56A11.1
WBPaper00006135,WBGene00003055,A236T,F48E8.1b
WBPaper00006135,WBGene00003055,G200E,F48E8.1a
WBPaper00006135,WBGene00003055,G200E,F48E8.1b
WBPaper00006135,WBGene00003055,G200E,F48E8.1c
WBPaper00006135,WBGene00003168,F226S,T01C8.7
WBPaper00006135,WBGene00003168,G230E,T01C8.7
WBPaper00006135,WBGene00003168,G230R,T01C8.7
WBPaper00006135,WBGene00003168,G95D,T01C8.7
WBPaper00006135,WBGene00003168,L122F,T01C8.7
WBPaper00006135,WBGene00003369,L122F,C36E6.3
WBPaper00006135,WBGene00003515,A236T,K12F2.1
WBPaper00006135,WBGene00003515,A23V,K12F2.1
WBPaper00006135,WBGene00003515,G200E,K12F2.1
WBPaper00006135,WBGene00003515,K170X,K12F2.1
WBPaper00006135,WBGene00003515,R131X,K12F2.1
WBPaper00006135,WBGene00003930,F226S,ZK1058.2
WBPaper00006135,WBGene00003930,K170X,ZK1058.2
WBPaper00006135,WBGene00003930,Q126X,ZK1058.2
WBPaper00006135,WBGene00003930,T103I,ZK1058.2
WBPaper00006135,WBGene00003930,T236M,ZK1058.2
WBPaper00006135,WBGene00004830,I61S,Y51A2D.19a
WBPaper00006135,WBGene00004830,I61S,Y51A2D.19b
WBPaper00006135,WBGene00004830,I61S,Y51A2D.19c
WBPaper00006135,WBGene00004830,I61S,Y51A2D.19d
WBPaper00006135,WBGene00004830,I61S,Y51A2D.19e
WBPaper00006135,WBGene00004830,I61S,Y51A2D.19f
WBPaper00006135,WBGene00004830,I61S,Y51A2D.19g
WBPaper00006135,WBGene00004830,I61S,Y51A2D.19h
WBPaper00006135,WBGene00004830,I61S,Y51A2D.19i
WBPaper00006135,WBGene00004830,I61S,Y51A2D.19j
WBPaper00006135,WBGene00004830,I61S,Y51A2D.19k
WBPaper00006135,WBGene00004830,I61S,Y51A2D.19l
WBPaper00006135,WBGene00004830,I61S,Y51A2D.19m
WBPaper00006135,WBGene00004830,R131X,Y51A2D.19m
WBPaper00006135,WBGene00006318,A174T,F34D6.3
WBPaper00006135,WBGene00006318,A236T,F34D6.3
WBPaper00006135,WBGene00006318,A23V,F34D6.3
WBPaper00006135,WBGene00006318,A74V,F34D6.3
WBPaper00006135,WBGene00006318,D203A,F34D6.3
WBPaper00006135,WBGene00006318,D203N,F34D6.3
WBPaper00006135,WBGene00006318,D278N,F34D6.3
WBPaper00006135,WBGene00006318,D58V,F34D6.3
WBPaper00006135,WBGene00006318,E181K,F34D6.3
WBPaper00006135,WBGene00006318,F109S,F34D6.3
WBPaper00006135,WBGene00006318,F226S,F34D6.3
WBPaper00006135,WBGene00006318,G106E,F34D6.3
WBPaper00006135,WBGene00006318,G106R,F34D6.3
WBPaper00006135,WBGene00006318,G121R,F34D6.3
WBPaper00006135,WBGene00006318,G172E,F34D6.3
WBPaper00006135,WBGene00006318,G172R,F34D6.3
WBPaper00006135,WBGene00006318,G173E,F34D6.3
WBPaper00006135,WBGene00006318,G173R,F34D6.3
WBPaper00006135,WBGene00006318,G200E,F34D6.3
WBPaper00006135,WBGene00006318,G202D,F34D6.3
WBPaper00006135,WBGene00006318,G202S,F34D6.3
WBPaper00006135,WBGene00006318,G22E,F34D6.3
WBPaper00006135,WBGene00006318,G230E,F34D6.3
WBPaper00006135,WBGene00006318,G230R,F34D6.3
WBPaper00006135,WBGene00006318,G95D,F34D6.3
WBPaper00006135,WBGene00006318,I61S,F34D6.3
WBPaper00006135,WBGene00006318,I94N,F34D6.3
WBPaper00006135,WBGene00006318,L122F,F34D6.3
WBPaper00006135,WBGene00006318,L20X,F34D6.3
WBPaper00006135,WBGene00006318,P101S,F34D6.3
WBPaper00006135,WBGene00006318,P119S,F34D6.3
WBPaper00006135,WBGene00006318,Q126X,F34D6.3
WBPaper00006135,WBGene00006318,Q208X,F34D6.3
WBPaper00006135,WBGene00006318,Q216X,F34D6.3
WBPaper00006135,WBGene00006318,Q37X,F34D6.3
WBPaper00006135,WBGene00006318,Q42X,F34D6.3
WBPaper00006135,WBGene00006318,Q77X,F34D6.3
WBPaper00006135,WBGene00006318,R131X,F34D6.3
WBPaper00006135,WBGene00006318,S235F,F34D6.3
WBPaper00006135,WBGene00006318,T103I,F34D6.3
WBPaper00006135,WBGene00006318,T195I,F34D6.3
WBPaper00006135,WBGene00006318,V242M,F34D6.3
WBPaper00006135,WBGene00006318,V41A,F34D6.3
WBPaper00006135,WBGene00006318,V44E,F34D6.3
WBPaper00006135,WBGene00006318,W165R,F34D6.3
WBPaper00006135,WBGene00006318,W165X,F34D6.3
WBPaper00006135,WBGene00006318,W78X,F34D6.3
WBPaper00006135,WBGene00006318,Y190F,F34D6.3
WBPaper00006135,WBGene00006656,D203A,F21C3.1
WBPaper00006135,WBGene00006656,D203N,F21C3.1
WBPaper00006135,WBGene00006656,L20X,F21C3.1
WBPaper00006135,WBGene00006656,V44E,F21C3.1
WBPaper00006135,WBGene00006745,A236T,B0273.4d
WBPaper00006135,WBGene00006745,A23V,B0273.4f
WBPaper00006135,WBGene00006745,D203A,B0273.4c
WBPaper00006135,WBGene00006745,D203N,B0273.4c
WBPaper00006135,WBGene00006745,E88K,B0273.4d
WBPaper00006135,WBGene00006745,E88K,B0273.4e
WBPaper00006135,WBGene00006745,G202D,B0273.4f
WBPaper00006135,WBGene00006745,G202S,B0273.4f
WBPaper00006135,WBGene00006745,G95D,B0273.4d
WBPaper00006135,WBGene00006745,I61S,B0273.4c
WBPaper00006135,WBGene00006745,I94N,B0273.4f
WBPaper00006135,WBGene00006745,L20X,B0273.4d
WBPaper00006135,WBGene00006745,Q37X,B0273.4c
WBPaper00006135,WBGene00006745,T103I,B0273.4a
WBPaper00006135,WBGene00006745,T103I,B0273.4b
WBPaper00006135,WBGene00006745,T103I,B0273.4c
WBPaper00006135,WBGene00006745,V242M,B0273.4f
WBPaper00006135,WBGene00006745,V44E,B0273.4d
WBPaper00006135,WBGene00006749,K170X,R12H7.1a
WBPaper00006135,WBGene00006749,P119S,R12H7.1a
WBPaper00006135,WBGene00006749,V41A,R12H7.1b
WBPaper00006135,WBGene00006749,V44E,R12H7.1b
WBPaper00006135,WBGene00006784,D278N,T21C12.1o
WBPaper00006135,WBGene00006784,E181K,T21C12.1m
WBPaper00006135,WBGene00006784,F226S,T21C12.1o
WBPaper00006135,WBGene00006784,G106E,T21C12.1h
WBPaper00006135,WBGene00006784,G106R,T21C12.1h
WBPaper00006135,WBGene00006784,G121R,T21C12.1m
WBPaper00006135,WBGene00006784,G200E,T21C12.1c
WBPaper00006135,WBGene00006784,G200E,T21C12.1d
WBPaper00006135,WBGene00006784,G200E,T21C12.1e
WBPaper00006135,WBGene00006784,G200E,T21C12.1k
WBPaper00006135,WBGene00006784,I94N,T21C12.1h
WBPaper00006135,WBGene00006784,I94N,T21C12.1i
WBPaper00006135,WBGene00006784,I94N,T21C12.1m
WBPaper00006135,WBGene00006784,K170X,T21C12.1h
WBPaper00006135,WBGene00006784,L122F,T21C12.1b
WBPaper00006135,WBGene00006784,L122F,T21C12.1c
WBPaper00006135,WBGene00006784,L122F,T21C12.1d
WBPaper00006135,WBGene00006784,L122F,T21C12.1e
WBPaper00006135,WBGene00006784,L122F,T21C12.1f
WBPaper00006135,WBGene00006784,L122F,T21C12.1j
WBPaper00006135,WBGene00006784,L122F,T21C12.1k
WBPaper00006135,WBGene00006784,P119S,T21C12.1i
WBPaper00006135,WBGene00006784,Q99X,T21C12.1i
WBPaper00006135,WBGene00006784,S235F,T21C12.1b
WBPaper00006135,WBGene00006784,S235F,T21C12.1f
WBPaper00006135,WBGene00006784,T103I,T21C12.1h
WBPaper00006135,WBGene00006784,T195I,T21C12.1o
WBPaper00006135,WBGene00006784,T236M,T21C12.1f
WBPaper00006135,WBGene00006784,Y190F,T21C12.1b
WBPaper00006135,WBGene00006784,Y190F,T21C12.1c
WBPaper00006135,WBGene00006784,Y190F,T21C12.1d
WBPaper00006135,WBGene00006784,Y190F,T21C12.1e
WBPaper00006135,WBGene00006784,Y190F,T21C12.1f
WBPaper00006135,WBGene00006784,Y190F,T21C12.1k
WBPaper00006135,WBGene00006808,A236T,C01G10.11a
WBPaper00006135,WBGene00006808,A236T,C01G10.11b
WBPaper00006135,WBGene00006808,A236T,C01G10.11c
WBPaper00006135,WBGene00006808,A236T,C01G10.11f
WBPaper00006135,WBGene00006808,D278N,C01G10.11a
WBPaper00006135,WBGene00006808,D278N,C01G10.11b
WBPaper00006135,WBGene00006808,G106E,C01G10.11a
WBPaper00006135,WBGene00006808,G106E,C01G10.11b
WBPaper00006135,WBGene00006808,G106E,C01G10.11f
WBPaper00006135,WBGene00006808,G106R,C01G10.11a
WBPaper00006135,WBGene00006808,G106R,C01G10.11b
WBPaper00006135,WBGene00006808,G106R,C01G10.11f
WBPaper00006135,WBGene00006808,G173E,C01G10.11d
WBPaper00006135,WBGene00006808,G173R,C01G10.11d
WBPaper00006135,WBGene00006808,G323R,C01G10.11f
WBPaper00006135,WBGene00006808,I94N,C01G10.11c
WBPaper00006135,WBGene00006808,I94N,C01G10.11e
WBPaper00006135,WBGene00006808,L122F,C01G10.11d
WBPaper00006135,WBGene00006808,L20X,C01G10.11c
WBPaper00006135,WBGene00006808,P101S,C01G10.11d
WBPaper00006135,WBGene00006808,Q77X,C01G10.11e
WBPaper00006135,WBGene00006808,Q99X,C01G10.11c
WBPaper00006135,WBGene00006808,T103I,C01G10.11e
WBPaper00006135,WBGene00006808,T195I,C01G10.11a
WBPaper00006135,WBGene00006808,T195I,C01G10.11b
WBPaper00006135,WBGene00006808,T195I,C01G10.11f
WBPaper00006135,WBGene00006808,V41A,C01G10.11d
WBPaper00006135,WBGene00007774,A236T,C27C12.4
WBPaper00006135,WBGene00007774,D203A,C27C12.4
WBPaper00006135,WBGene00007774,D203N,C27C12.4
WBPaper00006135,WBGene00007774,G106E,C27C12.4
WBPaper00006135,WBGene00007774,G106R,C27C12.4
WBPaper00006135,WBGene00007774,R131X,C27C12.4
WBPaper00006391,WBGene00000901,E162K,W01G7.1
WBPaper00006391,WBGene00000905,E162K,T13C5.1a
WBPaper00024331,WBGene00000238,D281N,C54D1.6
WBPaper00024331,WBGene00000238,E449K,C54D1.6
WBPaper00024331,WBGene00000238,E453K,C54D1.6
WBPaper00024331,WBGene00000238,G524D,C54D1.6
WBPaper00024331,WBGene00000238,G524S,C54D1.6
WBPaper00024331,WBGene00000238,L482I,C54D1.6
WBPaper00024331,WBGene00000238,R460W,C54D1.6
WBPaper00024331,WBGene00000238,S239L,C54D1.6
WBPaper00024331,WBGene00000238,S369N,C54D1.6
WBPaper00024331,WBGene00000238,T498I,C54D1.6
WBPaper00024331,WBGene00000238,V278G,C54D1.6
WBPaper00024331,WBGene00003102,L130F,C08C3.3
WBPaper00024331,WBGene00003171,L130F,ZK154.3
WBPaper00024331,WBGene00003842,L482I,F52F12.1b
WBPaper00024331,WBGene00006943,R460W,B0336.1b
WBPaper00024569,WBGene00002990,A306T,C37F5.1b
WBPaper00024569,WBGene00002990,A320V,C37F5.1a
WBPaper00024569,WBGene00003166,A204T,F14D12.4a
WBPaper00024569,WBGene00003166,A204T,F14D12.4b
WBPaper00024569,WBGene00003166,A204T,F14D12.4e
WBPaper00024569,WBGene00003166,A204T,F14D12.4n
WBPaper00024569,WBGene00003166,A207T,F14D12.4a
WBPaper00024569,WBGene00003166,A207T,F14D12.4b
WBPaper00024569,WBGene00003166,A207T,F14D12.4e
WBPaper00024569,WBGene00003166,A207T,F14D12.4n
WBPaper00024569,WBGene00003166,A234V,F14D12.4a
WBPaper00024569,WBGene00003166,A234V,F14D12.4b
WBPaper00024569,WBGene00003166,A234V,F14D12.4d
WBPaper00024569,WBGene00003166,A234V,F14D12.4e
WBPaper00024569,WBGene00003166,A234V,F14D12.4f
WBPaper00024569,WBGene00003166,A234V,F14D12.4h
WBPaper00024569,WBGene00003166,A234V,F14D12.4i
WBPaper00024569,WBGene00003166,A234V,F14D12.4k
WBPaper00024569,WBGene00003166,A234V,F14D12.4l
WBPaper00024569,WBGene00003166,A234V,F14D12.4m
WBPaper00024569,WBGene00003166,A234V,F14D12.4n
WBPaper00024569,WBGene00003166,A234V,F14D12.4o
WBPaper00024569,WBGene00003166,A296V,F14D12.4a
WBPaper00024569,WBGene00003166,A296V,F14D12.4b
WBPaper00024569,WBGene00003166,A296V,F14D12.4e
WBPaper00024569,WBGene00003166,A296V,F14D12.4n
WBPaper00024569,WBGene00003166,A304T,F14D12.4a
WBPaper00024569,WBGene00003166,A304T,F14D12.4b
WBPaper00024569,WBGene00003166,A304T,F14D12.4c
WBPaper00024569,WBGene00003166,A304T,F14D12.4e
WBPaper00024569,WBGene00003166,A304T,F14D12.4n
WBPaper00024569,WBGene00003166,A306T,F14D12.4a
WBPaper00024569,WBGene00003166,A306T,F14D12.4b
WBPaper00024569,WBGene00003166,A306T,F14D12.4d
WBPaper00024569,WBGene00003166,A306T,F14D12.4e
WBPaper00024569,WBGene00003166,A306T,F14D12.4h
WBPaper00024569,WBGene00003166,A306T,F14D12.4k
WBPaper00024569,WBGene00003166,A306T,F14D12.4m
WBPaper00024569,WBGene00003166,A306T,F14D12.4n
WBPaper00024569,WBGene00003166,A320V,F14D12.4a
WBPaper00024569,WBGene00003166,A320V,F14D12.4b
WBPaper00024569,WBGene00003166,A320V,F14D12.4e
WBPaper00024569,WBGene00003166,A320V,F14D12.4k
WBPaper00024569,WBGene00003166,A320V,F14D12.4n
WBPaper00024569,WBGene00003166,A325T,F14D12.4a
WBPaper00024569,WBGene00003166,A325T,F14D12.4b
WBPaper00024569,WBGene00003166,A325T,F14D12.4e
WBPaper00024569,WBGene00003166,A325T,F14D12.4n
WBPaper00024569,WBGene00003166,C387Y,F14D12.4a
WBPaper00024569,WBGene00003166,C387Y,F14D12.4e
WBPaper00024569,WBGene00003166,C387Y,F14D12.4n
WBPaper00024569,WBGene00003166,E297K,F14D12.4a
WBPaper00024569,WBGene00003166,E297K,F14D12.4b
WBPaper00024569,WBGene00003166,E297K,F14D12.4e
WBPaper00024569,WBGene00003166,E297K,F14D12.4n
WBPaper00024569,WBGene00003166,E299K,F14D12.4a
WBPaper00024569,WBGene00003166,E299K,F14D12.4b
WBPaper00024569,WBGene00003166,E299K,F14D12.4e
WBPaper00024569,WBGene00003166,E299K,F14D12.4n
WBPaper00024569,WBGene00003166,E314K,F14D12.4a
WBPaper00024569,WBGene00003166,E314K,F14D12.4b
WBPaper00024569,WBGene00003166,E314K,F14D12.4e
WBPaper00024569,WBGene00003166,E314K,F14D12.4n
WBPaper00024569,WBGene00003166,G243E,F14D12.4a
WBPaper00024569,WBGene00003166,G243E,F14D12.4b
WBPaper00024569,WBGene00003166,G243E,F14D12.4e
WBPaper00024569,WBGene00003166,G243E,F14D12.4n
WBPaper00024569,WBGene00003166,P134S,F14D12.4a
WBPaper00024569,WBGene00003166,P134S,F14D12.4b
WBPaper00024569,WBGene00003166,P134S,F14D12.4e
WBPaper00024569,WBGene00003166,P134S,F14D12.4n
WBPaper00024569,WBGene00003166,P357L,F14D12.4a
WBPaper00024569,WBGene00003166,P357L,F14D12.4b
WBPaper00024569,WBGene00003166,P357L,F14D12.4e
WBPaper00024569,WBGene00003166,P357L,F14D12.4n
WBPaper00024569,WBGene00003166,P357S,F14D12.4a
WBPaper00024569,WBGene00003166,P357S,F14D12.4b
WBPaper00024569,WBGene00003166,P357S,F14D12.4e
WBPaper00024569,WBGene00003166,P357S,F14D12.4n
WBPaper00024569,WBGene00003166,Q145R,F14D12.4a
WBPaper00024569,WBGene00003166,Q145R,F14D12.4b
WBPaper00024569,WBGene00003166,Q145R,F14D12.4e
WBPaper00024569,WBGene00003166,Q145R,F14D12.4n
WBPaper00024569,WBGene00003166,R184C,F14D12.4a
WBPaper00024569,WBGene00003166,R184C,F14D12.4b
WBPaper00024569,WBGene00003166,R184C,F14D12.4e
WBPaper00024569,WBGene00003166,R184C,F14D12.4n
WBPaper00024569,WBGene00003166,R239H,F14D12.4a
WBPaper00024569,WBGene00003166,R239H,F14D12.4b
WBPaper00024569,WBGene00003166,R239H,F14D12.4e
WBPaper00024569,WBGene00003166,R239H,F14D12.4n
WBPaper00024569,WBGene00003166,R385H,F14D12.4a
WBPaper00024569,WBGene00003166,R385H,F14D12.4e
WBPaper00024569,WBGene00003166,R385H,F14D12.4n
WBPaper00024569,WBGene00003166,S200F,F14D12.4a
WBPaper00024569,WBGene00003166,S200F,F14D12.4b
WBPaper00024569,WBGene00003166,S200F,F14D12.4e
WBPaper00024569,WBGene00003166,S200F,F14D12.4n
WBPaper00024569,WBGene00003166,T246I,F14D12.4a
WBPaper00024569,WBGene00003166,T246I,F14D12.4b
WBPaper00024569,WBGene00003166,T246I,F14D12.4e
WBPaper00024569,WBGene00003166,T246I,F14D12.4n
WBPaper00024569,WBGene00003166,V190M,F14D12.4a
WBPaper00024569,WBGene00003166,V190M,F14D12.4b
WBPaper00024569,WBGene00003166,V190M,F14D12.4e
WBPaper00024569,WBGene00003166,V190M,F14D12.4n
WBPaper00024569,WBGene00003168,E299K,T01C8.7
WBPaper00024569,WBGene00003170,V190M,W02D3.3
WBPaper00024569,WBGene00003171,A296V,ZK154.3
WBPaper00024569,WBGene00003171,P357L,ZK154.3
WBPaper00024569,WBGene00003171,P357S,ZK154.3
WBPaper00024569,WBGene00003174,A207T,F16F9.5
WBPaper00024569,WBGene00003889,A296V,B0212.5
WBPaper00024569,WBGene00003889,A304T,B0212.5
WBPaper00024569,WBGene00003889,E314K,B0212.5
WBPaper00024569,WBGene00006061,A234V,F30A10.5a
WBPaper00024569,WBGene00006061,A234V,F30A10.5b
WBPaper00024569,WBGene00006067,A204T,F41G4.3d
WBPaper00024569,WBGene00006067,A207T,F41G4.3d
WBPaper00024569,WBGene00006067,A234V,F41G4.3b
WBPaper00024569,WBGene00006067,A234V,F41G4.3d
WBPaper00024569,WBGene00006741,A207T,K03E6.5a
WBPaper00024569,WBGene00006741,A234V,K03E6.5a
WBPaper00024569,WBGene00006741,P134S,K03E6.5b
WBPaper00024569,WBGene00006741,V190M,K03E6.5a
WBPaper00024569,WBGene00006761,A207T,F57H12.2
WBPaper00024569,WBGene00006761,A306T,F57H12.2
WBPaper00024569,WBGene00006761,E299K,F57H12.2
WBPaper00025193,WBGene00003515,Q78L,K12F2.1
WBPaper00025193,WBGene00003515,V65D,K12F2.1
WBPaper00025193,WBGene00004268,Q78L,F26H9.6
WBPaper00025193,WBGene00004268,S33N,F26H9.6
WBPaper00025193,WBGene00004271,T23N,W03C9.3
WBPaper00025193,WBGene00004377,C1017Y,F49E7.1a
WBPaper00025193,WBGene00004377,Q324X,F49E7.1a
WBPaper00025193,WBGene00004377,Q610X,F49E7.1a
WBPaper00025193,WBGene00004377,V65D,F49E7.1a
WBPaper00025193,WBGene00004377,W1079R,F49E7.1a
WBPaper00025193,WBGene00004377,W757X,F49E7.1a
WBPaper00025193,WBGene00004377,W919X,F49E7.1a
WBPaper00025193,WBGene00004397,S33N,T01B7.7
WBPaper00025193,WBGene00006741,V65D,K03E6.5a
WBPaper00025193,WBGene00006843,T23N,M142.1c
WBPaper00025193,WBGene00006843,V65D,M142.1b
WBPaper00025193,WBGene00006845,V65D,F11C3.2
WBPaper00025193,WBGene00006926,T23N,C42D8.2
WBPaper00025193,WBGene00008183,Q324X,C48G7.3h
WBPaper00025193,WBGene00008183,S33N,C48G7.3f
WBPaper00025193,WBGene00008183,S33N,C48G7.3i
WBPaper00025193,WBGene00008183,S33N,C48G7.3l
WBPaper00025193,WBGene00008183,T293A,C48G7.3k
WBPaper00025193,WBGene00008183,V65D,C48G7.3d
WBPaper00025193,WBGene00008183,W757X,C48G7.3d
WBPaper00025193,WBGene00008183,W919X,C48G7.3g
WBPaper00025193,WBGene00011696,Q324X,T10G3.5a
WBPaper00025193,WBGene00011696,V65D,T10G3.5a
WBPaper00025193,WBGene00011696,V65D,T10G3.5b
WBPaper00025193,WBGene00017161,T293A,F01F1.4
WBPaper00025193,WBGene00021922,V65D,Y55F3AM.4b
WBPaper00026908,WBGene00003166,A713T,F14D12.4f
WBPaper00026908,WBGene00003166,A713V,F14D12.4f
WBPaper00026908,WBGene00003166,A745T,F14D12.4d
WBPaper00026908,WBGene00003166,S635F,F14D12.4d
WBPaper00026908,WBGene00003168,A713T,T01C8.7
WBPaper00026908,WBGene00003168,A713V,T01C8.7
WBPaper00026908,WBGene00003168,A745T,T01C8.7
WBPaper00026908,WBGene00003168,C723Y,T01C8.7
WBPaper00026908,WBGene00003168,G716S,T01C8.7
WBPaper00026908,WBGene00003168,G717E,T01C8.7
WBPaper00026908,WBGene00003168,G720D,T01C8.7
WBPaper00026908,WBGene00003168,L728F,T01C8.7
WBPaper00026908,WBGene00003168,P643L,T01C8.7
WBPaper00026908,WBGene00003168,P655L,T01C8.7
WBPaper00026908,WBGene00003168,Q664X,T01C8.7
WBPaper00026908,WBGene00003168,R601C,T01C8.7
WBPaper00026908,WBGene00003168,R619K,T01C8.7
WBPaper00026908,WBGene00003168,S635F,T01C8.7
WBPaper00026908,WBGene00003168,S726F,T01C8.7
WBPaper00026908,WBGene00003168,T701I,T01C8.7
WBPaper00026908,WBGene00003168,T729I,T01C8.7
WBPaper00026908,WBGene00003168,W658X,T01C8.7
WBPaper00027336,WBGene00000186,D303N,C01C7.1a
WBPaper00027336,WBGene00000186,D303N,C01C7.1b
WBPaper00027336,WBGene00000253,H832Y,F56C11.1
WBPaper00027336,WBGene00001061,G533R,T23G7.1
WBPaper00027336,WBGene00001061,S384I,T23G7.1
WBPaper00027336,WBGene00001063,D305N,M01E10.2a
WBPaper00027336,WBGene00001063,P675L,M01E10.2a
WBPaper00027336,WBGene00001063,S720L,M01E10.2a
WBPaper00027336,WBGene00001067,E174K,F27C1.8
WBPaper00027336,WBGene00001067,G229E,F27C1.8
WBPaper00027336,WBGene00001068,E174K,F16F9.2
WBPaper00027336,WBGene00001068,S720L,F16F9.2
WBPaper00027336,WBGene00001161,G341R,Y102A5C.18
WBPaper00027336,WBGene00001515,S305L,T24C12.2
WBPaper00027336,WBGene00001515,S384I,T24C12.2
WBPaper00027336,WBGene00002299,G533R,ZK1067.1c
WBPaper00027336,WBGene00002299,H284P,ZK1067.1b
WBPaper00027336,WBGene00002299,P675L,ZK1067.1b
WBPaper00027336,WBGene00002299,S309N,ZK1067.1d
WBPaper00027336,WBGene00002990,S309N,C37F5.1b
WBPaper00027336,WBGene00002990,S384I,C37F5.1b
WBPaper00027336,WBGene00002992,E424K,F36H1.4a
WBPaper00027336,WBGene00002992,H284P,F36H1.4b
WBPaper00027336,WBGene00002992,H284P,F36H1.4e
WBPaper00027336,WBGene00002992,S305L,F36H1.4e
WBPaper00027336,WBGene00002992,S309N,F36H1.4b
WBPaper00027336,WBGene00002992,S309N,F36H1.4e
WBPaper00027336,WBGene00002992,S384I,F36H1.4a
WBPaper00027336,WBGene00002992,S384I,F36H1.4d
WBPaper00027336,WBGene00002992,S384I,F36H1.4e
WBPaper00027336,WBGene00002998,A242V,ZK637.7b
WBPaper00027336,WBGene00002998,D303N,ZK637.7a
WBPaper00027336,WBGene00002998,D305N,ZK637.7b
WBPaper00027336,WBGene00002998,G341R,ZK637.7b
WBPaper00027336,WBGene00002998,S305L,ZK637.7a
WBPaper00027336,WBGene00003020,A555V,C32F10.2
WBPaper00027336,WBGene00003020,S309N,C32F10.2
WBPaper00027336,WBGene00003021,A242V,F44B9.6
WBPaper00027336,WBGene00003021,E424K,F44B9.6
WBPaper00027336,WBGene00003021,H284P,F44B9.6
WBPaper00027336,WBGene00003036,E174K,K07A1.12
WBPaper00027336,WBGene00003036,S384I,K07A1.12
WBPaper00027336,WBGene00003037,S309N,JC8.6a
WBPaper00027336,WBGene00003037,S309N,JC8.6b
WBPaper00027336,WBGene00003167,D303N,F01D4.6a
WBPaper00027336,WBGene00003167,E174K,F01D4.6d
WBPaper00027336,WBGene00003167,H284P,F01D4.6a
WBPaper00027336,WBGene00003218,A555V,M04B2.1
WBPaper00027336,WBGene00003218,S305L,M04B2.1
WBPaper00027336,WBGene00003218,S309N,M04B2.1
WBPaper00027336,WBGene00003401,A242V,F43C1.2b
WBPaper00027336,WBGene00004397,G229E,T01B7.7
WBPaper00027336,WBGene00004743,A242V,M01D7.2a
WBPaper00027336,WBGene00004743,H284P,M01D7.2a
WBPaper00027336,WBGene00004829,D303N,M02A10.3b
WBPaper00027336,WBGene00004829,D303N,M02A10.3c
WBPaper00027336,WBGene00004829,S305L,M02A10.3a
WBPaper00027336,WBGene00004969,E174K,F47G6.4b
WBPaper00027336,WBGene00004969,G533R,F47G6.4b
WBPaper00027336,WBGene00004969,H284P,F47G6.4a
WBPaper00027336,WBGene00004969,S305L,F47G6.4a
WBPaper00027336,WBGene00004969,S309N,F47G6.4a
WBPaper00027336,WBGene00004969,S309N,F47G6.4c
WBPaper00027336,WBGene00006741,A242V,K03E6.5b
WBPaper00027336,WBGene00006742,A242V,T02C5.5j
WBPaper00027336,WBGene00006742,A242V,T02C5.5k
WBPaper00027336,WBGene00006742,A242V,T02C5.5l
WBPaper00027336,WBGene00006742,A242V,T02C5.5m
WBPaper00027336,WBGene00006742,E174K,T02C5.5f
WBPaper00027336,WBGene00006742,E174K,T02C5.5g
WBPaper00027336,WBGene00006742,E174K,T02C5.5h
WBPaper00027336,WBGene00006742,E174K,T02C5.5i
WBPaper00027336,WBGene00006742,E174K,T02C5.5o
WBPaper00027336,WBGene00006742,E424K,T02C5.5q
WBPaper00027336,WBGene00006742,G341R,T02C5.5f
WBPaper00027336,WBGene00006742,G341R,T02C5.5g
WBPaper00027336,WBGene00006742,G341R,T02C5.5h
WBPaper00027336,WBGene00006742,G341R,T02C5.5i
WBPaper00027336,WBGene00006742,G533R,T02C5.5a
WBPaper00027336,WBGene00006742,G533R,T02C5.5c
WBPaper00027336,WBGene00006742,S384I,T02C5.5p
WBPaper00027336,WBGene00006742,S925F,T02C5.5o
WBPaper00027336,WBGene00006745,A242V,B0273.4d
WBPaper00027336,WBGene00006745,E424K,B0273.4d
WBPaper00027336,WBGene00006745,G341R,B0273.4a
WBPaper00027336,WBGene00006745,G341R,B0273.4b
WBPaper00027336,WBGene00006745,G533R,B0273.4a
WBPaper00027336,WBGene00006745,G533R,B0273.4b
WBPaper00027336,WBGene00006745,S305L,B0273.4d
WBPaper00027336,WBGene00006745,S305L,B0273.4e
WBPaper00027336,WBGene00006745,S309N,B0273.4c
WBPaper00027336,WBGene00006745,T807S,B0273.4a
WBPaper00027336,WBGene00006745,T807S,B0273.4c
WBPaper00027336,WBGene00006749,G229E,R12H7.1a
WBPaper00027336,WBGene00006750,S925F,T10A3.1d
WBPaper00027336,WBGene00006750,S925F,T10A3.1f
WBPaper00027336,WBGene00006752,A555V,ZK524.2j
WBPaper00027336,WBGene00006752,D303N,ZK524.2f
WBPaper00027336,WBGene00006752,D303N,ZK524.2i
WBPaper00027336,WBGene00006752,G1006S,ZK524.2a
WBPaper00027336,WBGene00006752,G533R,ZK524.2a
WBPaper00027336,WBGene00006752,G533R,ZK524.2d
WBPaper00027336,WBGene00006752,G533R,ZK524.2e
WBPaper00027336,WBGene00006752,S305L,ZK524.2k
WBPaper00027336,WBGene00006752,S384I,ZK524.2f
WBPaper00027336,WBGene00006752,S384I,ZK524.2i
WBPaper00027336,WBGene00006752,T807S,ZK524.2d
WBPaper00027336,WBGene00006752,T807S,ZK524.2f
WBPaper00027336,WBGene00006759,D303N,ZK617.1a
WBPaper00027336,WBGene00006759,D303N,ZK617.1b
WBPaper00027336,WBGene00006759,D303N,ZK617.1f
WBPaper00027336,WBGene00006759,D303N,ZK617.1g
WBPaper00027336,WBGene00006759,D303N,ZK617.1h
WBPaper00027336,WBGene00006759,D303N,ZK617.1i
WBPaper00027336,WBGene00006759,E174K,ZK617.1a
WBPaper00027336,WBGene00006759,E174K,ZK617.1b
WBPaper00027336,WBGene00006759,E174K,ZK617.1e
WBPaper00027336,WBGene00006759,E174K,ZK617.1f
WBPaper00027336,WBGene00006759,E174K,ZK617.1g
WBPaper00027336,WBGene00006759,E174K,ZK617.1h
WBPaper00027336,WBGene00006759,E174K,ZK617.1i
WBPaper00027336,WBGene00006759,E424K,ZK617.1e
WBPaper00027336,WBGene00006759,G229E,ZK617.1a
WBPaper00027336,WBGene00006759,G229E,ZK617.1b
WBPaper00027336,WBGene00006759,G229E,ZK617.1f
WBPaper00027336,WBGene00006759,G229E,ZK617.1g
WBPaper00027336,WBGene00006759,G229E,ZK617.1h
WBPaper00027336,WBGene00006759,G229E,ZK617.1i
WBPaper00027336,WBGene00006759,S384I,ZK617.1a
WBPaper00027336,WBGene00006759,S384I,ZK617.1b
WBPaper00027336,WBGene00006759,S384I,ZK617.1c
WBPaper00027336,WBGene00006759,S384I,ZK617.1f
WBPaper00027336,WBGene00006759,S384I,ZK617.1g
WBPaper00027336,WBGene00006759,S384I,ZK617.1h
WBPaper00027336,WBGene00006759,S384I,ZK617.1i
WBPaper00027336,WBGene00006759,S720L,ZK617.1b
WBPaper00027336,WBGene00006759,S720L,ZK617.1e
WBPaper00027336,WBGene00006759,S720L,ZK617.1f
WBPaper00027336,WBGene00006759,S720L,ZK617.1h
WBPaper00027336,WBGene00006759,S720L,ZK617.1i
WBPaper00027336,WBGene00006759,S925F,ZK617.1h
WBPaper00027336,WBGene00006759,S925F,ZK617.1i
WBPaper00027336,WBGene00006805,A555V,F55C7.7e
WBPaper00027336,WBGene00006805,A555V,F55C7.7h
WBPaper00027336,WBGene00006805,S309N,F55C7.7a
WBPaper00027336,WBGene00006805,S309N,F55C7.7b
WBPaper00027336,WBGene00006805,S309N,F55C7.7f
WBPaper00027336,WBGene00006805,S309N,F55C7.7i
WBPaper00027336,WBGene00007029,E174K,VC5.4
WBPaper00027336,WBGene00007029,G341R,VC5.4
WBPaper00027336,WBGene00007030,S720L,Y111B2A.11
WBPaper00027336,WBGene00013006,S305L,Y48E1B.7
WBPaper00027336,WBGene00022142,E174K,Y71G12B.2
WBPaper00027336,WBGene00022149,S720L,Y71G12B.9a
WBPaper00027659,WBGene00001130,I401F,C02C6.1a
WBPaper00027659,WBGene00001130,I401F,C02C6.1b
WBPaper00027659,WBGene00004373,I401F,W06H8.1g
WBPaper00027659,WBGene00004373,I401F,W06H8.1h
WBPaper00027748,WBGene00000103,D181E,F28H6.1a
WBPaper00027748,WBGene00000103,D181E,F28H6.1b
WBPaper00027748,WBGene00000899,D181E,F25E2.5a
WBPaper00027748,WBGene00000899,D181E,F25E2.5d
WBPaper00027748,WBGene00004789,H214A,W10G6.2a
WBPaper00027748,WBGene00010671,Q262A,K08E7.1
WBPaper00028727,WBGene00000517,A139V,T05A6.2b
WBPaper00028727,WBGene00000517,R85Q,T05A6.2b
WBPaper00028727,WBGene00001049,G243A,F33H2.1
WBPaper00028727,WBGene00002033,A139V,Y73B6BL.2
WBPaper00028727,WBGene00002033,D17N,Y73B6BL.2
WBPaper00028727,WBGene00002033,G263R,Y73B6BL.2
WBPaper00028727,WBGene00002033,R85Q,Y73B6BL.2
WBPaper00028727,WBGene00002033,T222I,Y73B6BL.2
WBPaper00028727,WBGene00002034,D17N,F57C9.5
WBPaper00028727,WBGene00003161,D65N,Y69A2AR.30a
WBPaper00028727,WBGene00003161,D65N,Y69A2AR.30b
WBPaper00028727,WBGene00003161,G49A,Y69A2AR.30a
WBPaper00028727,WBGene00003161,G49A,Y69A2AR.30b
WBPaper00028727,WBGene00003161,G49A,Y69A2AR.30c
WBPaper00028727,WBGene00003214,T222I,C05D11.11a
WBPaper00028727,WBGene00006745,C756T,B0273.4c
WBPaper00028727,WBGene00006745,G345A,B0273.4e
WBPaper00028727,WBGene00006745,G345A,B0273.4f
WBPaper00028727,WBGene00006745,T222I,B0273.4f
WBPaper00028727,WBGene00008140,A139V,C47D12.8
WBPaper00028727,WBGene00008140,G49A,C47D12.8
WBPaper00028727,WBGene00010839,C520T,M03C11.2
WBPaper00028727,WBGene00016602,R85Q,C43E11.2b
WBPaper00030864,WBGene00004440,K36M,F28C6.7a
WBPaper00030864,WBGene00004440,K36M,F28C6.7b
WBPaper00030864,WBGene00004440,K36M,F28C6.7c
WBPaper00030864,WBGene00004782,K36M,C26E6.9a
WBPaper00030864,WBGene00004782,K36M,C26E6.9c
WBPaper00030864,WBGene00008405,K36M,D2013.9
WBPaper00030864,WBGene00016603,K36M,C43E11.3a
WBPaper00030864,WBGene00016603,K36M,C43E11.3b
WBPaper00030864,WBGene00020006,K36M,R11E3.4
WBPaper00030973,WBGene00000483,D233G,C55B7.12b
WBPaper00030973,WBGene00006743,D233G,Y16B4A.1
WBPaper00032509,WBGene00002981,P71L,ZK593.6b
WBPaper00032509,WBGene00004945,S12A,C50E10.4a
WBPaper00032509,WBGene00004945,S12A,C50E10.4b
WBPaper00032509,WBGene00006745,S12A,B0273.4a
WBPaper00032509,WBGene00006745,S12A,B0273.4b
WBPaper00032509,WBGene00006745,S12A,B0273.4c
WBPaper00032509,WBGene00009696,S12A,F44F1.4
WBPaper00032509,WBGene00010808,P71L,M01E5.6
WBPaper00032509,WBGene00013595,P71L,Y87G2A.3a
WBPaper00032509,WBGene00018294,S12A,F41E6.13a
WBPaper00032509,WBGene00018294,S12A,F41E6.13b
WBPaper00035548,WBGene00000042,V309M,K11G12.2
WBPaper00035548,WBGene00000043,V309M,K11G12.7
WBPaper00035548,WBGene00000044,V309M,K03F8.2
WBPaper00035548,WBGene00000051,V309M,R01E6.4a
WBPaper00035548,WBGene00000058,V309M,C31H5.3b
WBPaper00035548,WBGene00001070,V13M,C31H2.2
WBPaper00035548,WBGene00001612,V13M,C06E1.4
WBPaper00035548,WBGene00003774,V309M,F07F6.6
WBPaper00035548,WBGene00006797,V309M,Y110A7A.3
WBPaper00036086,WBGene00000223,P58S,C07G2.2a
WBPaper00036086,WBGene00000223,P58S,C07G2.2b
WBPaper00036086,WBGene00000223,P58S,C07G2.2d
WBPaper00036086,WBGene00003807,R221K,C39E6.6
WBPaper00036086,WBGene00003822,G440E,F59A6.1a
WBPaper00036086,WBGene00003822,G673E,F59A6.1a
WBPaper00036086,WBGene00003822,G793R,F59A6.1a
WBPaper00036086,WBGene00003822,P867L,F59A6.1a
WBPaper00036086,WBGene00003822,R221K,F59A6.1a
WBPaper00036086,WBGene00004055,C173Y,B0218.3
WBPaper00036086,WBGene00004055,D161N,B0218.3
WBPaper00036086,WBGene00004055,L296F,B0218.3
WBPaper00036086,WBGene00004055,M209I,B0218.3
WBPaper00036086,WBGene00004758,E220K,R03G5.2
WBPaper00036086,WBGene00004758,G199D,R03G5.2
WBPaper00036086,WBGene00004758,G212R,R03G5.2
WBPaper00036086,WBGene00004758,M217I,R03G5.2
WBPaper00036086,WBGene00004758,R221K,R03G5.2
WBPaper00036086,WBGene00004758,S103N,R03G5.2
WBPaper00036086,WBGene00004804,G199D,T19E7.2d
WBPaper00036086,WBGene00004804,L296F,T19E7.2a
WBPaper00036086,WBGene00004804,R221K,T19E7.2b
WBPaper00036086,WBGene00004804,S103N,T19E7.2d
WBPaper00036086,WBGene00006575,A451V,F13B10.1b
WBPaper00036086,WBGene00006575,L296F,F13B10.1a
WBPaper00036086,WBGene00006575,L296F,F13B10.1c
WBPaper00036086,WBGene00006575,L296F,F13B10.1f
WBPaper00036086,WBGene00006575,L296F,F13B10.1g
WBPaper00036086,WBGene00006575,M217I,F13B10.1a
WBPaper00036086,WBGene00006575,M217I,F13B10.1c
WBPaper00036086,WBGene00006575,M217I,F13B10.1f
WBPaper00036086,WBGene00006575,M217I,F13B10.1g
WBPaper00036086,WBGene00006575,P460L,F13B10.1b
WBPaper00036086,WBGene00006575,S103N,F13B10.1a
WBPaper00036086,WBGene00006575,S103N,F13B10.1g
WBPaper00036485,WBGene00001579,L667F,F56A11.1
WBPaper00036485,WBGene00001863,G774R,F15G9.4a
WBPaper00036485,WBGene00001863,G774R,F15G9.4b
WBPaper00036485,WBGene00001863,G774R,F15G9.4d
WBPaper00036485,WBGene00003515,L667F,K12F2.1
WBPaper00036485,WBGene00004854,G774R,F40E10.4
WBPaper00036485,WBGene00006745,G774R,B0273.4a
WBPaper00036485,WBGene00006745,G774R,B0273.4d
WBPaper00036485,WBGene00006745,L667F,B0273.4e
WBPaper00036485,WBGene00006776,G774R,T19B4.7
WBPaper00036485,WBGene00006805,C10S,F55C7.7d
WBPaper00036485,WBGene00016539,C10S,C39F7.2a
WBPaper00036485,WBGene00016539,C10S,C39F7.2b
WBPaper00036485,WBGene00016539,L667F,C39F7.2a
WBPaper00038214,WBGene00001017,L452P,ZK593.5a
WBPaper00038214,WBGene00001017,L452P,ZK593.5c
WBPaper00038214,WBGene00001017,L452P,ZK593.5d
WBPaper00038214,WBGene00001017,V1247L,ZK593.5a
WBPaper00038214,WBGene00002991,C71Y,F17E5.1a
WBPaper00038214,WBGene00002991,L452P,F17E5.1a
WBPaper00038214,WBGene00003048,L452P,W06F12.1a
WBPaper00038214,WBGene00003183,K202Q,T01G9.5a
WBPaper00038214,WBGene00003183,K202Q,T01G9.5b
WBPaper00038214,WBGene00003917,C71Y,F58B6.3a
WBPaper00038214,WBGene00003917,K202Q,F58B6.3a
WBPaper00038214,WBGene00006352,C71Y,F26E4.1
WBPaper00038214,WBGene00006352,W140R,F26E4.1
WBPaper00038214,WBGene00006988,L452P,F59E12.2
WBPaper00038214,WBGene00016124,C71Y,C26B2.1
WBPaper00038214,WBGene00016124,V359G,C26B2.1
WBPaper00040140,WBGene00000123,A363V,F36A4.7
WBPaper00040140,WBGene00003992,R739H,ZK381.4b
WBPaper00041364,WBGene00000068,G473R,F17C8.1
WBPaper00041364,WBGene00000099,E272X,B0207.4
WBPaper00041364,WBGene00000254,A665T,K04F10.4e
WBPaper00041364,WBGene00000254,G331R,K04F10.4a
WBPaper00041364,WBGene00000254,G331R,K04F10.4b
WBPaper00041364,WBGene00000254,G331R,K04F10.4c
WBPaper00041364,WBGene00000254,G331R,K04F10.4d
WBPaper00041364,WBGene00000254,G331R,K04F10.4e
WBPaper00041364,WBGene00000254,G331R,K04F10.4f
WBPaper00041364,WBGene00000254,G331R,K04F10.4g
WBPaper00041364,WBGene00000254,G331R,K04F10.4h
WBPaper00041364,WBGene00000254,G331R,K04F10.4i
WBPaper00041364,WBGene00000254,G331R,K04F10.4j
WBPaper00041364,WBGene00000254,G473R,K04F10.4a
WBPaper00041364,WBGene00000254,G473R,K04F10.4b
WBPaper00041364,WBGene00000254,G473R,K04F10.4c
WBPaper00041364,WBGene00000254,G473R,K04F10.4d
WBPaper00041364,WBGene00000254,G473R,K04F10.4e
WBPaper00041364,WBGene00000254,G473R,K04F10.4f
WBPaper00041364,WBGene00000254,G473R,K04F10.4g
WBPaper00041364,WBGene00000254,G473R,K04F10.4h
WBPaper00041364,WBGene00000254,G473R,K04F10.4i
WBPaper00041364,WBGene00000254,G473R,K04F10.4j
WBPaper00041364,WBGene00000418,Y29X,C35D10.9a
WBPaper00041364,WBGene00000418,Y29X,C35D10.9b
WBPaper00041364,WBGene00000441,S12A,ZC64.3b
WBPaper00041364,WBGene00000441,S12B,ZC64.3b
WBPaper00041364,WBGene00001067,E272X,F27C1.8
WBPaper00041364,WBGene00001320,E272X,ZK809.4a
WBPaper00041364,WBGene00001413,Y284X,C01F6.4a
WBPaper00041364,WBGene00001413,Y29X,C01F6.4c
WBPaper00041364,WBGene00001481,E272X,Y54E10A.4c
WBPaper00041364,WBGene00001481,G331R,Y54E10A.4c
WBPaper00041364,WBGene00001481,W177X,Y54E10A.4c
WBPaper00041364,WBGene00001482,W148X,Y113G7B.5a
WBPaper00041364,WBGene00001482,W148X,Y113G7B.5b
WBPaper00041364,WBGene00001482,Y284X,Y113G7B.5a
WBPaper00041364,WBGene00001482,Y284X,Y113G7B.5b
WBPaper00041364,WBGene00001482,Y29X,Y113G7B.5a
WBPaper00041364,WBGene00001482,Y29X,Y113G7B.5b
WBPaper00041364,WBGene00001595,S12A,T23G11.3
WBPaper00041364,WBGene00001595,S12B,T23G11.3
WBPaper00041364,WBGene00002123,Y29X,C16E9.4a
WBPaper00041364,WBGene00002123,Y29X,C16E9.4b
WBPaper00041364,WBGene00002130,S12A,ZK792.2
WBPaper00041364,WBGene00002130,S12B,ZK792.2
WBPaper00041364,WBGene00002131,S12A,ZK792.3
WBPaper00041364,WBGene00002131,S12B,ZK792.3
WBPaper00041364,WBGene00002189,G331R,ZK909.2a
WBPaper00041364,WBGene00002189,G331R,ZK909.2b
WBPaper00041364,WBGene00002189,Y29X,ZK909.2h
WBPaper00041364,WBGene00002189,Y29X,ZK909.2j
WBPaper00041364,WBGene00002190,E272X,R07E4.6c
WBPaper00041364,WBGene00002190,S12A,R07E4.6c
WBPaper00041364,WBGene00002190,S12B,R07E4.6c
WBPaper00041364,WBGene00002190,W177X,R07E4.6b
WBPaper00041364,WBGene00002990,S12A,C37F5.1b
WBPaper00041364,WBGene00002990,S12B,C37F5.1b
WBPaper00041364,WBGene00002992,E272X,F36H1.4b
WBPaper00041364,WBGene00003020,E272X,C32F10.2
WBPaper00041364,WBGene00003020,S12A,C32F10.2
WBPaper00041364,WBGene00003020,S12B,C32F10.2
WBPaper00041364,WBGene00003777,G331R,F20G4.3
WBPaper00041364,WBGene00003864,E272X,C09G9.6
WBPaper00041364,WBGene00003906,G331R,W03G9.6
WBPaper00041364,WBGene00003906,W148X,W03G9.6
WBPaper00041364,WBGene00004397,G331R,T01B7.7
WBPaper00041364,WBGene00004397,Y29X,T01B7.7
WBPaper00041364,WBGene00004510,G331R,F10B5.7
WBPaper00041364,WBGene00004769,E272X,F35H12.3
WBPaper00041364,WBGene00005007,E272X,C27B7.1a
WBPaper00041364,WBGene00005007,E272X,C27B7.1b
WBPaper00041364,WBGene00005009,E272X,C09H6.1a
WBPaper00041364,WBGene00005009,E272X,C09H6.1b
WBPaper00041364,WBGene00005010,A665T,Y40B1B.6
WBPaper00041364,WBGene00005010,G533R,Y40B1B.6
WBPaper00041364,WBGene00005010,Y284X,Y40B1B.6
WBPaper00041364,WBGene00006594,A665T,M01A10.2a
WBPaper00041364,WBGene00006594,A665T,M01A10.2e
WBPaper00041364,WBGene00006594,A665T,M01A10.2f
WBPaper00041364,WBGene00006594,A665T,M01A10.2g
WBPaper00041364,WBGene00006594,A665T,M01A10.2h
WBPaper00041364,WBGene00006594,A665T,M01A10.2i
WBPaper00041364,WBGene00006605,E272X,C15F1.3c
WBPaper00041364,WBGene00006656,E272X,F21C3.1
WBPaper00041364,WBGene00006656,W177X,F21C3.1
WBPaper00041364,WBGene00006656,W330X,F21C3.1
WBPaper00041364,WBGene00006751,E272X,C32E8.10a
WBPaper00041364,WBGene00006751,E272X,C32E8.10b
WBPaper00041364,WBGene00006751,E272X,C32E8.10c
WBPaper00041364,WBGene00006751,E272X,C32E8.10d
WBPaper00041364,WBGene00006751,E272X,C32E8.10e
WBPaper00041364,WBGene00006751,E272X,C32E8.10h
WBPaper00041364,WBGene00006752,A665T,ZK524.2e
WBPaper00041364,WBGene00006752,A665T,ZK524.2f
WBPaper00041364,WBGene00006752,A665T,ZK524.2g
WBPaper00041364,WBGene00006752,A665T,ZK524.2i
WBPaper00041364,WBGene00006752,E272X,ZK524.2a
WBPaper00041364,WBGene00006752,E272X,ZK524.2d
WBPaper00041364,WBGene00006752,E272X,ZK524.2e
WBPaper00041364,WBGene00006752,G533R,ZK524.2a
WBPaper00041364,WBGene00006752,G533R,ZK524.2d
WBPaper00041364,WBGene00006752,G533R,ZK524.2e
WBPaper00041364,WBGene00006752,S12A,ZK524.2b
WBPaper00041364,WBGene00006752,S12A,ZK524.2g
WBPaper00041364,WBGene00006752,S12B,ZK524.2b
WBPaper00041364,WBGene00006752,S12B,ZK524.2g
WBPaper00041364,WBGene00006759,E272X,ZK617.1e
WBPaper00041364,WBGene00006759,S12A,ZK617.1a
WBPaper00041364,WBGene00006759,S12A,ZK617.1b
WBPaper00041364,WBGene00006759,S12A,ZK617.1f
WBPaper00041364,WBGene00006759,S12A,ZK617.1g
WBPaper00041364,WBGene00006759,S12A,ZK617.1h
WBPaper00041364,WBGene00006759,S12A,ZK617.1i
WBPaper00041364,WBGene00006759,S12B,ZK617.1a
WBPaper00041364,WBGene00006759,S12B,ZK617.1b
WBPaper00041364,WBGene00006759,S12B,ZK617.1f
WBPaper00041364,WBGene00006759,S12B,ZK617.1g
WBPaper00041364,WBGene00006759,S12B,ZK617.1h
WBPaper00041364,WBGene00006759,S12B,ZK617.1i
WBPaper00041364,WBGene00019245,G331R,H27M09.1
WBPaper00041364,WBGene00019245,G473R,H27M09.1
WBPaper00041364,WBGene00019245,G533R,H27M09.1
WBPaper00041364,WBGene00021463,A665T,Y39G10AR.5
WBPaper00041364,WBGene00022389,E272X,Y95B8A.10a
WBPaper00041364,WBGene00022389,E272X,Y95B8A.10b
WBPaper00041467,WBGene00000390,G124D,R07G3.1
WBPaper00041467,WBGene00002207,G124D,B0302.1a
WBPaper00041467,WBGene00002207,G124D,B0302.1b
WBPaper00041467,WBGene00002207,K139A,B0302.1a
WBPaper00041467,WBGene00002207,K139A,B0302.1b
WBPaper00041467,WBGene00002207,R353Q,B0302.1a
WBPaper00041467,WBGene00002207,R353Q,B0302.1b
WBPaper00041467,WBGene00006743,K139A,Y16B4A.1
WBPaper00044537,WBGene00001284,L221F,F54C8.3
WBPaper00044537,WBGene00001511,D434N,ZK177.6
WBPaper00044537,WBGene00002079,S273N,Y48G1A.5a
WBPaper00044537,WBGene00002079,S679L,Y48G1A.5a
WBPaper00044537,WBGene00002169,S273N,F37A4.8
WBPaper00044537,WBGene00003133,L74F,W10C6.1
WBPaper00044537,WBGene00003133,V1208M,W10C6.1
WBPaper00044537,WBGene00003150,K196R,F49E11.1a
WBPaper00044537,WBGene00003150,K196R,F49E11.1i
WBPaper00044537,WBGene00003150,K196R,F49E11.1m
WBPaper00044537,WBGene00003150,L283F,F49E11.1a
WBPaper00044537,WBGene00003150,L283F,F49E11.1i
WBPaper00044537,WBGene00003150,L283F,F49E11.1m
WBPaper00044537,WBGene00003150,L353F,F49E11.1a
WBPaper00044537,WBGene00003150,L353F,F49E11.1e
WBPaper00044537,WBGene00003150,L353F,F49E11.1i
WBPaper00044537,WBGene00003150,L353F,F49E11.1m
WBPaper00044537,WBGene00003150,L74F,F49E11.1a
WBPaper00044537,WBGene00003150,L74F,F49E11.1i
WBPaper00044537,WBGene00003150,L74F,F49E11.1m
WBPaper00044537,WBGene00003150,R433C,F49E11.1a
WBPaper00044537,WBGene00003150,R433C,F49E11.1i
WBPaper00044537,WBGene00003150,R433C,F49E11.1m
WBPaper00044537,WBGene00003150,S273N,F49E11.1f
WBPaper00044537,WBGene00003150,V311I,F49E11.1a
WBPaper00044537,WBGene00003150,V311I,F49E11.1h
WBPaper00044537,WBGene00003150,V311I,F49E11.1i
WBPaper00044537,WBGene00003150,V311I,F49E11.1l
WBPaper00044537,WBGene00003150,V311I,F49E11.1m
WBPaper00044537,WBGene00003150,V87M,F49E11.1b
WBPaper00044537,WBGene00003150,V87M,F49E11.1c
WBPaper00044537,WBGene00003150,V87M,F49E11.1g
WBPaper00044537,WBGene00003150,V87M,F49E11.1k
WBPaper00044537,WBGene00003993,L283F,B0523.3
WBPaper00044537,WBGene00004042,L74F,C14B9.4
WBPaper00044537,WBGene00004042,V87M,C14B9.4
WBPaper00044537,WBGene00006734,L283F,T05H10.5b
WBPaper00044537,WBGene00006734,L353F,T05H10.5b
WBPaper00044537,WBGene00006734,R433C,T05H10.5c
WBPaper00044537,WBGene00007574,V311I,C14B1.3
WBPaper00044537,WBGene00009507,S273N,F37D6.1
WBPaper00044537,WBGene00011275,V87M,R53.6
WBPaper00044537,WBGene00013443,L17F,Y66D12A.17
WBPaper00044537,WBGene00013443,V311I,Y66D12A.17
WBPaper00044537,WBGene00013849,D434N,ZC84.6
WBPaper00044537,WBGene00017751,L283F,F23F12.3
WBPaper00044537,WBGene00017751,R433C,F23F12.3
WBPaper00044537,WBGene00017778,G544S,F25B5.7a
WBPaper00044537,WBGene00017778,L221F,F25B5.7c
WBPaper00044537,WBGene00017778,L353F,F25B5.7a
WBPaper00044537,WBGene00017778,L353F,F25B5.7d
WBPaper00044537,WBGene00019997,G544S,R10F2.6
WBPaper00044537,WBGene00019997,R433C,R10F2.6
WBPaper00044537,WBGene00020784,G544S,T24H7.5a
WBPaper00044537,WBGene00020784,L353F,T24H7.5a
WBPaper00044537,WBGene00020784,V87M,T24H7.5a
WBPaper00044537,WBGene00021097,L221F,W08F4.8a
WBPaper00044537,WBGene00021097,L353F,W08F4.8b
WBPaper00044537,WBGene00021097,V87M,W08F4.8a
WBPaper00044537,WBGene00021463,L17F,Y39G10AR.5
WBPaper00044537,WBGene00021463,L74F,Y39G10AR.5
WBPaper00044537,WBGene00077563,L17F,Y39G10AR.25
WBPaper00045172,WBGene00000367,G1735R,C54D2.5a
WBPaper00045172,WBGene00000367,M1778I,C54D2.5c
WBPaper00045172,WBGene00000367,R1845C,C54D2.5c
WBPaper00045172,WBGene00002173,R1845C,F33D4.2d
WBPaper00045172,WBGene00006616,A1064V,Y71A12B.4
WBPaper00045172,WBGene00006742,G1525R,T02C5.5j
WBPaper00045172,WBGene00006742,G1525R,T02C5.5k
WBPaper00045172,WBGene00006742,G1525R,T02C5.5l
WBPaper00045172,WBGene00006742,G1525R,T02C5.5m
WBPaper00045172,WBGene00006742,G1525R,T02C5.5p
WBPaper00045172,WBGene00006742,G1735R,T02C5.5f
WBPaper00045172,WBGene00006742,G1735R,T02C5.5g
WBPaper00045172,WBGene00006742,G1735R,T02C5.5h
WBPaper00045172,WBGene00006742,G1735R,T02C5.5i
WBPaper00045172,WBGene00006742,G1735R,T02C5.5p
WBPaper00045172,WBGene00006742,R1845C,T02C5.5o
WBPaper00045172,WBGene00006742,R1845C,T02C5.5p
WBPaper00045172,WBGene00006801,A1064V,K11C4.5i
WBPaper00045172,WBGene00006801,A1064V,K11C4.5j
WBPaper00045172,WBGene00006801,A1064V,K11C4.5k
WBPaper00045172,WBGene00006801,A1064V,K11C4.5l
WBPaper00045172,WBGene00006801,A1064V,K11C4.5m
WBPaper00045172,WBGene00006801,A1064V,K11C4.5n
WBPaper00045172,WBGene00006801,A1064V,K11C4.5o
WBPaper00045172,WBGene00006801,A1064V,K11C4.5p
WBPaper00045172,WBGene00006801,M1778I,K11C4.5a
WBPaper00045172,WBGene00006801,M1778I,K11C4.5b
WBPaper00045172,WBGene00006801,M1778I,K11C4.5c
WBPaper00045172,WBGene00006801,M1778I,K11C4.5d
WBPaper00045172,WBGene00006801,M1778I,K11C4.5e
WBPaper00045172,WBGene00006801,M1778I,K11C4.5f
WBPaper00045172,WBGene00006801,M1778I,K11C4.5g
WBPaper00045172,WBGene00006801,M1778I,K11C4.5h
WBPaper00046810,WBGene00000063,E100K,T04C12.6
WBPaper00046810,WBGene00000269,G109E,Y73E7A.7b
WBPaper00046810,WBGene00000269,G259E,Y73E7A.7a
WBPaper00046810,WBGene00000270,S169F,T12G3.8a
WBPaper00046810,WBGene00000846,R261K,R13A5.1a
WBPaper00046810,WBGene00000846,R261K,R13A5.1b
WBPaper00046810,WBGene00000846,R261K,R13A5.1d
WBPaper00046810,WBGene00000846,R261K,R13A5.1e
WBPaper00046810,WBGene00000846,R67W,R13A5.1a
WBPaper00046810,WBGene00000846,R67W,R13A5.1b
WBPaper00046810,WBGene00000846,R67W,R13A5.1d
WBPaper00046810,WBGene00000846,R67W,R13A5.1e
WBPaper00046810,WBGene00000846,S169F,R13A5.1a
WBPaper00046810,WBGene00000846,S169F,R13A5.1b
WBPaper00046810,WBGene00000846,S169F,R13A5.1d
WBPaper00046810,WBGene00000846,S169F,R13A5.1e
WBPaper00046810,WBGene00000897,K265E,F29C4.1a
WBPaper00046810,WBGene00000897,K265E,F29C4.1b
WBPaper00046810,WBGene00000897,R67W,F29C4.1a
WBPaper00046810,WBGene00000897,R67W,F29C4.1b
WBPaper00046810,WBGene00000900,A434T,C05D2.1c
WBPaper00046810,WBGene00000900,A586T,C05D2.1a
WBPaper00046810,WBGene00000900,K265E,C05D2.1a
WBPaper00046810,WBGene00000900,K265E,C05D2.1d
WBPaper00046810,WBGene00000900,M484I,C05D2.1a
WBPaper00046810,WBGene00000900,P643S,C05D2.1e
WBPaper00046810,WBGene00000900,Q628X,C05D2.1e
WBPaper00046810,WBGene00000903,G19E,B0412.2
WBPaper00046810,WBGene00000936,E100K,T25F10.2
WBPaper00046810,WBGene00000936,W278X,T25F10.2
WBPaper00046810,WBGene00001250,V236E,C33D3.1
WBPaper00046810,WBGene00001251,G259E,K02B9.4b
WBPaper00046810,WBGene00001251,V236E,K02B9.4b
WBPaper00046810,WBGene00001815,G19E,W09D6.6
WBPaper00046810,WBGene00003001,G109E,R107.8
WBPaper00046810,WBGene00003055,W197X,F48E8.1a
WBPaper00046810,WBGene00003055,W197X,F48E8.1b
WBPaper00046810,WBGene00003055,W197X,F48E8.1c
WBPaper00046810,WBGene00003514,R261K,T18D3.4
WBPaper00046810,WBGene00003514,S169F,T18D3.4
WBPaper00046810,WBGene00003919,G361R,Y59A8B.14a
WBPaper00046810,WBGene00003919,R67W,Y59A8B.14b
WBPaper00046810,WBGene00004076,A434T,W09B6.1c
WBPaper00046810,WBGene00004076,G361R,W09B6.1c
WBPaper00046810,WBGene00004397,G109E,T01B7.7
WBPaper00046810,WBGene00004855,Q261X,R31.1c
WBPaper00046810,WBGene00004855,Q261X,R31.1f
WBPaper00046810,WBGene00004855,R67W,R31.1b
WBPaper00046810,WBGene00004855,R67W,R31.1d
WBPaper00046810,WBGene00004855,S3330L,R31.1a
WBPaper00046810,WBGene00004855,S3330L,R31.1b
WBPaper00046810,WBGene00004855,S3330L,R31.1d
WBPaper00046810,WBGene00004855,S3330L,R31.1e
WBPaper00046810,WBGene00004856,C62Y,ZK370.2a
WBPaper00046810,WBGene00004856,E100K,ZK370.2a
WBPaper00046810,WBGene00004856,G109E,ZK370.2b
WBPaper00046810,WBGene00004856,G19E,ZK370.2a
WBPaper00046810,WBGene00004856,R67W,ZK370.2a
WBPaper00046810,WBGene00004857,G259E,R13F6.9
WBPaper00046810,WBGene00004857,K265E,R13F6.9
WBPaper00046810,WBGene00004857,Q261X,R13F6.9
WBPaper00046810,WBGene00004857,S169F,R13F6.9
WBPaper00046810,WBGene00004857,W197X,R13F6.9
WBPaper00046810,WBGene00004858,R261K,R12B2.1a
WBPaper00046810,WBGene00004858,S169F,R12B2.1a
WBPaper00046810,WBGene00004860,R67W,C32D5.2
WBPaper00046810,WBGene00004860,W112X,C32D5.2
WBPaper00046810,WBGene00004860,W328X,C32D5.2
WBPaper00046810,WBGene00004862,A586T,T05A10.1i
WBPaper00046810,WBGene00004862,A586T,T05A10.1j
WBPaper00046810,WBGene00004862,Q593X,T05A10.1a
WBPaper00046810,WBGene00004862,S169F,T05A10.1h
WBPaper00046810,WBGene00004862,V236E,T05A10.1c
WBPaper00046810,WBGene00006308,A586T,K09C4.8
WBPaper00046810,WBGene00006640,R261K,F39C12.3b
WBPaper00046810,WBGene00006745,A586T,B0273.4f
WBPaper00046810,WBGene00006745,G109E,B0273.4e
WBPaper00046810,WBGene00006745,G259E,B0273.4a
WBPaper00046810,WBGene00006745,G259E,B0273.4b
WBPaper00046810,WBGene00006745,G259E,B0273.4f
WBPaper00046810,WBGene00006745,Q628X,B0273.4a
WBPaper00046810,WBGene00006745,R261K,B0273.4f
WBPaper00046810,WBGene00006745,S169F,B0273.4a
WBPaper00046810,WBGene00006745,S169F,B0273.4b
WBPaper00046810,WBGene00006745,S169F,B0273.4f
WBPaper00046810,WBGene00006751,M484I,C32E8.10h
WBPaper00046810,WBGene00006751,Q628X,C32E8.10c
WBPaper00046810,WBGene00006751,Q628X,C32E8.10d
WBPaper00046810,WBGene00006776,G259E,T19B4.7
WBPaper00046810,WBGene00006776,Q628X,T19B4.7
WBPaper00046810,WBGene00006776,R677C,T19B4.7
WBPaper00046810,WBGene00006776,V236E,T19B4.7
WBPaper00046810,WBGene00006776,W278X,T19B4.7
WBPaper00046810,WBGene00007103,E100K,B0024.14f
WBPaper00046810,WBGene00007103,G259E,B0024.14f
WBPaper00046810,WBGene00007103,K265E,B0024.14f
WBPaper00046810,WBGene00007103,Q261X,B0024.14a
WBPaper00046810,WBGene00007103,Q261X,B0024.14d
WBPaper00046810,WBGene00007103,V236E,B0024.14b
WBPaper00046810,WBGene00016558,A586T,C41A3.1a
WBPaper00046810,WBGene00016558,A586T,C41A3.1b
WBPaper00046810,WBGene00016558,G361R,C41A3.1a
WBPaper00046810,WBGene00016558,G361R,C41A3.1b
WBPaper00046810,WBGene00016558,Q628X,C41A3.1a
WBPaper00046810,WBGene00016558,Q628X,C41A3.1b
WBPaper00046810,WBGene00019127,R261K,F59G1.1a
WBPaper00046810,WBGene00019127,R67W,F59G1.1a
WBPaper00046810,WBGene00020649,A434T,T21D12.9a
WBPaper00046810,WBGene00020649,A434T,T21D12.9c
WBPaper00046810,WBGene00020649,G361R,T21D12.9a
WBPaper00046810,WBGene00020649,G361R,T21D12.9c
WBPaper00046810,WBGene00020649,P643S,T21D12.9a
WBPaper00046810,WBGene00020649,P643S,T21D12.9c
WBPaper00046810,WBGene00020649,Q593X,T21D12.9a
WBPaper00046810,WBGene00020649,Q593X,T21D12.9c
WBPaper00046810,WBGene00020649,W462X,T21D12.9a
WBPaper00046810,WBGene00020649,W462X,T21D12.9c
WBPaper00046810,WBGene00020649,Y665N,T21D12.9a
WBPaper00046810,WBGene00020649,Y665N,T21D12.9c
WBPaper00046810,WBGene00023491,C62Y,C17G1.8
WBPaper00046810,WBGene00023491,G109E,C17G1.8
WBPaper00046810,WBGene00023491,V236E,C17G1.8
WBPaper00047026,WBGene00000067,A97T,T25C8.2
WBPaper00047026,WBGene00000067,T66I,T25C8.2
WBPaper00047026,WBGene00000962,G77D,T21E12.4b
WBPaper00047026,WBGene00000962,H146Y,T21E12.4a
WBPaper00047026,WBGene00003225,C78Y,T07C4.7a
WBPaper00047026,WBGene00003225,F136S,T07C4.7a
WBPaper00047026,WBGene00003225,G133E,T07C4.7a
WBPaper00047026,WBGene00003225,G71E,T07C4.7a
WBPaper00047026,WBGene00003225,G71E,T07C4.7b
WBPaper00047026,WBGene00003225,G77D,T07C4.7a
WBPaper00047026,WBGene00003225,G77D,T07C4.7b
WBPaper00047026,WBGene00003225,R74K,T07C4.7a
WBPaper00047026,WBGene00003225,T66I,T07C4.7a
WBPaper00047026,WBGene00006433,H146Y,F42A8.2
WBPaper00047026,WBGene00006433,I260N,F42A8.2
WBPaper00047026,WBGene00006433,P145L,F42A8.2
WBPaper00047026,WBGene00006433,P211L,F42A8.2
WBPaper00047026,WBGene00009353,A97T,F33A8.5
WBPaper00047026,WBGene00009353,D95N,F33A8.5
WBPaper00047026,WBGene00009353,H84Q,F33A8.5
WBPaper00048712,WBGene00003166,A713T,F14D12.4f
WBPaper00048712,WBGene00003168,A713T,T01C8.7
WBPaper00048884,WBGene00001651,C707Y,T01H8.5d
WBPaper00048884,WBGene00001651,D1000Y,T01H8.5a
WBPaper00048884,WBGene00001651,D1033N,T01H8.5a
WBPaper00048884,WBGene00001651,E1050K,T01H8.5a
WBPaper00048884,WBGene00001651,E1050K,T01H8.5c
WBPaper00048884,WBGene00001651,E996K,T01H8.5a
WBPaper00048884,WBGene00001651,K991E,T01H8.5a
WBPaper00048884,WBGene00001651,K991Q,T01H8.5a
WBPaper00048884,WBGene00001651,L1075P,T01H8.5e
WBPaper00048884,WBGene00001651,L708P,T01H8.5e
WBPaper00048884,WBGene00001651,S141L,T01H8.5a
WBPaper00048884,WBGene00001651,S141L,T01H8.5b
WBPaper00048884,WBGene00001651,S141L,T01H8.5d
WBPaper00048884,WBGene00001795,K991E,C05C12.3
WBPaper00048884,WBGene00001795,K991Q,C05C12.3
WBPaper00048884,WBGene00001796,C707Y,F54D1.5
WBPaper00048884,WBGene00006752,E1050K,ZK524.2b
WBPaper00048884,WBGene00006752,E1050K,ZK524.2d
WBPaper00048884,WBGene00006752,E996K,ZK524.2a
WBPaper00048884,WBGene00006752,E996K,ZK524.2j
WBPaper00048884,WBGene00006752,K991E,ZK524.2b
WBPaper00048884,WBGene00006752,K991Q,ZK524.2b
WBPaper00048884,WBGene00006752,L1075P,ZK524.2e
WBPaper00048884,WBGene00006752,L1075P,ZK524.2g
WBPaper00048884,WBGene00006752,L1075P,ZK524.2i
WBPaper00048884,WBGene00006752,L1143P,ZK524.2k
WBPaper00048884,WBGene00008214,S141L,C49F8.2
WBPaper00049625,WBGene00008205,A42V,C49F5.1
WBPaper00049977,WBGene00004503,D261N,F23F12.6
WBPaper00049977,WBGene00004505,D261N,F56H1.4
WBPaper00049977,WBGene00015308,D261N,C01G5.6
WBPaper00049977,WBGene00015308,G263A,C01G5.6
WBPaper00050743,WBGene00003514,L307F,T18D3.4
WBPaper00050743,WBGene00008400,L307F,D2005.5
WBPaper00050743,WBGene00017641,L307F,F20D12.1b
WBPaper00051175,WBGene00000042,G477E,K11G12.2
WBPaper00051175,WBGene00000042,P177S,K11G12.2
WBPaper00051175,WBGene00000042,V309M,K11G12.2
WBPaper00051175,WBGene00000043,C151Y,K11G12.7
WBPaper00051175,WBGene00000043,G121R,K11G12.7
WBPaper00051175,WBGene00000043,P111L,K11G12.7
WBPaper00051175,WBGene00000043,P159L,K11G12.7
WBPaper00051175,WBGene00000043,P159S,K11G12.7
WBPaper00051175,WBGene00000043,V309M,K11G12.7
WBPaper00051175,WBGene00000051,V309M,R01E6.4a
WBPaper00051175,WBGene00000140,G321R,ZK973.6c
WBPaper00051175,WBGene00000140,G477E,ZK973.6c
WBPaper00051175,WBGene00000140,P159L,ZK973.6c
WBPaper00051175,WBGene00000140,P159S,ZK973.6c
WBPaper00051175,WBGene00000140,P267L,ZK973.6a
WBPaper00051175,WBGene00000140,V309M,ZK973.6c
WBPaper00051175,WBGene00001518,G121R,F47D12.1a
WBPaper00051175,WBGene00001518,G121R,F47D12.1b
WBPaper00051175,WBGene00001518,G121R,F47D12.1c
WBPaper00051175,WBGene00001518,G121R,F47D12.1d
WBPaper00051175,WBGene00001518,P111L,F47D12.1a
WBPaper00051175,WBGene00001518,P111L,F47D12.1b
WBPaper00051175,WBGene00001518,P111L,F47D12.1c
WBPaper00051175,WBGene00001518,P111L,F47D12.1d
WBPaper00051175,WBGene00001518,P267L,F47D12.1a
WBPaper00051175,WBGene00001518,P267L,F47D12.1b
WBPaper00051175,WBGene00001518,P267L,F47D12.1c
WBPaper00051175,WBGene00001519,K130I,Y40H4A.1a
WBPaper00051175,WBGene00001519,K130I,Y40H4A.1b
WBPaper00051175,WBGene00001519,S398F,Y40H4A.1a
WBPaper00051175,WBGene00001796,G321R,F54D1.5
WBPaper00051175,WBGene00001796,G524R,F54D1.5
WBPaper00051175,WBGene00001796,S398F,F54D1.5
WBPaper00051175,WBGene00002043,P267L,C09G4.1c
WBPaper00051175,WBGene00006752,G477E,ZK524.2k
WBPaper00051175,WBGene00006752,P415S,ZK524.2j
WBPaper00051175,WBGene00006752,P494H,ZK524.2j
WBPaper00051175,WBGene00006752,S398F,ZK524.2h
WBPaper00051175,WBGene00006756,G121R,ZC416.8a
WBPaper00051175,WBGene00006756,G477E,ZC416.8a
WBPaper00051175,WBGene00006756,G524R,ZC416.8a
WBPaper00051175,WBGene00006756,P267L,ZC416.8a
WBPaper00051175,WBGene00006756,P415S,ZC416.8a
WBPaper00051175,WBGene00006756,S398F,ZC416.8a
WBPaper00051175,WBGene00006756,Y400N,ZC416.8a
WBPaper00051175,WBGene00006777,G121R,C27H6.1c
WBPaper00051175,WBGene00006797,C151Y,Y110A7A.3
WBPaper00051175,WBGene00006797,C294Y,Y110A7A.3
WBPaper00051175,WBGene00006797,G121R,Y110A7A.3
WBPaper00051175,WBGene00006797,K130I,Y110A7A.3
WBPaper00051175,WBGene00006797,M150I,Y110A7A.3
WBPaper00051175,WBGene00006797,P111L,Y110A7A.3
WBPaper00051175,WBGene00006797,P159L,Y110A7A.3
WBPaper00051175,WBGene00006797,P159S,Y110A7A.3
WBPaper00051175,WBGene00006797,S398F,Y110A7A.3
WBPaper00051175,WBGene00006797,V309M,Y110A7A.3
WBPaper00051175,WBGene00006805,P177S,F55C7.7c
WBPaper00051175,WBGene00006805,P177S,F55C7.7g
WBPaper00051175,WBGene00007918,G321R,C34C6.5a
WBPaper00051175,WBGene00007918,P111L,C34C6.5a
WBPaper00051175,WBGene00007918,P177S,C34C6.5a
WBPaper00051175,WBGene00007918,V309M,C34C6.5b
WBPaper00051175,WBGene00020051,G421E,R13A5.9
WBPaper00051175,WBGene00020051,G524R,R13A5.9
WBPaper00051394,WBGene00000962,P262L,T21E12.4a
WBPaper00051394,WBGene00000962,S285F,T21E12.4a
WBPaper00051394,WBGene00001008,K115A,F33E2.2a
WBPaper00051394,WBGene00001008,K115A,F33E2.2b
WBPaper00051394,WBGene00001008,K115A,F33E2.2c
WBPaper00051394,WBGene00001008,V229I,F33E2.2d
WBPaper00051394,WBGene00001456,S138L,F33D4.3
WBPaper00051394,WBGene00003515,S138L,K12F2.1
WBPaper00051394,WBGene00003515,V229I,K12F2.1
WBPaper00051394,WBGene00006528,A419T,F26E4.8a
WBPaper00051394,WBGene00006528,D209A,F26E4.8a
WBPaper00051394,WBGene00006528,G414R,F26E4.8a
WBPaper00051394,WBGene00006528,K115A,F26E4.8b
WBPaper00051394,WBGene00006528,L426F,F26E4.8a
WBPaper00051394,WBGene00006528,P305S,F26E4.8a
WBPaper00051394,WBGene00006528,S138L,F26E4.8a
WBPaper00051394,WBGene00006528,S285F,F26E4.8a
WBPaper00051394,WBGene00006537,D209A,C36E8.5
WBPaper00051394,WBGene00006537,P305S,C36E8.5
WBPaper00051394,WBGene00006537,S138L,C36E8.5
WBPaper00051394,WBGene00006537,V229I,C36E8.5
WBPaper00051394,WBGene00006762,G414R,Y37D8A.23a
WBPaper00051394,WBGene00006762,G414R,Y37D8A.23b
WBPaper00051394,WBGene00006762,S138L,Y37D8A.23c
WBPaper00051394,WBGene00006762,S285F,Y37D8A.23c
WBPaper00051394,WBGene00009324,D209A,F32B6.10a
WBPaper00051394,WBGene00009324,D209A,F32B6.10b
WBPaper00051394,WBGene00009324,K115A,F32B6.10a
WBPaper00051394,WBGene00009324,K115A,F32B6.10b
WBPaper00051394,WBGene00009324,V229I,F32B6.10a
WBPaper00051394,WBGene00009324,V229I,F32B6.10b
WBPaper00051394,WBGene00011283,G414R,R90.1
WBPaper00051394,WBGene00016124,V229I,C26B2.1
